house_num,week,year,date,hours_above_18,max_temp,mean_temp,min_temp,ext_mean_temp,ext_max_temp,max_solar,total_solar
1,1,2008,2008-07-29,0.0,13.85,13.368341708542712,13.1,12.198994974874372,12.9,0.0,0.0
1,1,2008,2008-07-30,0.0,16.2,14.207083333333332,12.7,12.978472222222223,15.0,0.27,0.6216666666666667
1,1,2008,2008-07-31,1.8666666666666667,20.6,13.729791666666667,11.9,12.613194444444444,15.6,0.36,1.1666666666666667
1,1,2008,2008-08-01,2.433333333333333,19.8,13.575486111111111,10.6,11.947222222222223,14.1,0.33,1.4949999999999999
1,1,2008,2008-08-02,0.0,15.95,12.617638888888889,10.1,11.65,13.8,0.2,0.5733333333333335
1,1,2008,2008-08-03,2.6666666666666665,18.8,13.936666666666666,11.5,12.2125,14.3,0.36,1.4033333333333335
1,1,2008,2008-08-04,0.0,12.5,10.54438596491228,9.8,10.696491228070178,12.6,0.17,0.14
2,1,2008,2008-07-29,0.0,15.0,14.489161849710984,14.1,12.082369942196532,12.9,0.06,0.11266666666666669
2,1,2008,2008-07-30,0.0,16.6,14.677638888888888,13.3,12.978472222222223,15.0,0.27,0.6216666666666667
2,1,2008,2008-07-31,0.0,17.4,14.141875000000002,12.6,12.613194444444444,15.6,0.36,1.1666666666666667
2,1,2008,2008-08-01,0.3333333333333333,18.1,14.369236111111112,12.3,11.947222222222223,14.1,0.33,1.4949999999999999
2,1,2008,2008-08-02,0.0,15.6,13.401805555555557,11.4,11.65,13.8,0.2,0.5733333333333335
2,1,2008,2008-08-03,0.9333333333333333,18.2,14.808402777777777,12.5,12.2125,14.3,0.36,1.4033333333333335
2,1,2008,2008-08-04,0.0,16.6,13.48777777777778,11.1,11.011805555555556,13.6,0.36,1.5166666666666666
2,1,2008,2008-08-05,0.0,13.75,10.575211267605633,9.3,8.818055555555556,12.0,0.33,0.7066666666666667
3,1,2008,2008-07-30,0.0,16.9,14.07281976744186,12.8,13.461337209302325,14.9,0.14,0.223
3,1,2008,2008-07-31,2.2333333333333334,21.3,13.650069444444444,11.8,12.613194444444444,15.6,0.36,1.1666666666666667
3,1,2008,2008-08-01,4.266666666666667,20.0,13.531944444444445,9.7,11.947222222222223,14.1,0.33,1.4949999999999999
3,1,2008,2008-08-02,0.0,16.2,11.890625,8.3,11.65,13.8,0.2,0.5733333333333335
3,1,2008,2008-08-03,3.066666666666667,19.8,13.633958333333334,11.1,12.2125,14.3,0.36,1.4033333333333335
3,1,2008,2008-08-04,1.4333333333333333,20.0,12.099305555555556,7.2,11.011805555555556,13.6,0.36,1.5166666666666666
3,1,2008,2008-08-05,0.0,17.4,10.29,5.8,10.103472222222223,12.6,0.37,1.775
3,1,2008,2008-08-06,0.0,13.3,9.609294871794871,8.5,10.240064102564101,12.2,0.25,0.26333333333333336
4,1,2008,2008-07-31,1.7666666666666666,21.7,14.367741935483872,11.9,12.30322580645161,15.6,0.36,0.5626666666666668
4,1,2008,2008-08-01,6.166666666666667,22.4,14.339444444444444,9.8,11.947222222222223,14.1,0.33,1.4949999999999999
4,1,2008,2008-08-02,0.0,16.1,11.945902777777777,8.3,11.65,13.8,0.2,0.5733333333333335
4,1,2008,2008-08-03,5.1,21.6,14.279930555555554,11.2,12.2125,14.3,0.36,1.4033333333333335
4,1,2008,2008-08-04,5.633333333333334,21.7,13.103541666666665,8.1,11.011805555555556,13.6,0.36,1.5166666666666666
4,1,2008,2008-08-05,4.266666666666667,21.6,11.785138888888888,6.0,10.103472222222223,12.6,0.37,1.775
4,1,2008,2008-08-06,6.466666666666667,25.0,14.431527777777779,8.6,11.17361111111111,13.5,0.35,1.7133333333333336
4,1,2008,2008-08-07,0.0,14.1,9.326947040498442,6.7,8.581619937694704,11.2,0.17,0.24033333333333334
5,1,2008,2008-08-01,2.8333333333333335,20.1,14.088115942028985,9.6,11.882608695652173,14.1,0.33,0.7733333333333334
5,1,2008,2008-08-02,0.0,15.5,11.292916666666667,7.3,11.65,13.8,0.2,0.5733333333333335
5,1,2008,2008-08-03,1.1,18.7,13.232222222222223,11.0,12.2125,14.3,0.36,1.4033333333333335
5,1,2008,2008-08-04,0.8,18.5,11.911041666666668,7.9,11.011805555555556,13.6,0.36,1.5166666666666666
5,1,2008,2008-08-05,0.6666666666666666,18.7,10.837083333333332,6.1,10.103472222222223,12.6,0.37,1.775
5,1,2008,2008-08-06,1.9333333333333333,20.0,11.963055555555558,7.3,11.17361111111111,13.5,0.35,1.7133333333333336
5,1,2008,2008-08-07,2.6666666666666665,19.0,12.188888888888888,6.5,10.216666666666667,13.5,0.31,1.0583333333333333
5,1,2008,2008-08-08,3.066666666666667,20.9,14.038950892857143,11.3,12.106026785714286,15.0,0.33,1.3713333333333333
6,1,2008,2008-08-12,0.13333333333333333,18.950000000000003,11.696106557377048,8.0,9.541803278688526,11.9,0.14,0.06366666666666668
6,1,2008,2008-08-13,1.9333333333333333,21.0,10.993402777777778,6.2,9.45,12.4,0.4,1.2333333333333334
6,1,2008,2008-08-14,4.6,22.7,12.853125,8.2,9.8375,12.5,0.45,1.8683333333333336
6,1,2008,2008-08-15,4.233333333333333,22.3,13.489583333333334,9.4,10.667361111111111,13.7,0.43,1.5100000000000002
6,1,2008,2008-08-16,4.666666666666667,22.6,12.990208333333335,8.2,9.095138888888888,12.6,0.37,1.8066666666666669
6,1,2008,2008-08-17,0.0,17.5,10.072152777777777,6.5,7.582638888888889,9.5,0.2,0.55
6,1,2008,2008-08-18,5.0,22.5,11.551666666666668,5.0,8.34375,11.1,0.42,1.9033333333333333
6,1,2008,2008-08-19,0.0,11.8,8.037592592592594,7.1,9.025925925925925,9.9,0.13,0.06999999999999998
7,1,2008,2008-08-13,0.0,13.0,9.247718631178707,7.0,10.693536121673002,11.8,0.2,0.24166666666666667
7,1,2008,2008-08-14,0.0,17.2,10.327638888888888,7.3,9.8375,12.5,0.45,1.8683333333333336
7,1,2008,2008-08-15,0.2,18.1,11.423333333333332,8.9,10.667361111111111,13.7,0.43,1.5100000000000002
7,1,2008,2008-08-16,0.7,18.6,10.693055555555556,6.6,9.095138888888888,12.6,0.37,1.8066666666666669
7,1,2008,2008-08-17,0.0,13.6,8.304583333333333,5.05,7.582638888888889,9.5,0.2,0.55
7,1,2008,2008-08-18,0.0,15.2,8.405555555555555,3.4,8.34375,11.1,0.42,1.9033333333333333
7,1,2008,2008-08-19,0.0,16.9,9.771041666666667,6.3,9.522222222222222,11.9,0.42,1.9416666666666667
7,1,2008,2008-08-20,0.0,10.4,5.243120805369127,3.1,6.711744966442954,10.2,0.2,0.24233333333333332
8,1,2008,2008-08-16,0.0,13.3,9.603125,7.7,7.733173076923077,9.0,0.03,0.010333333333333335
8,1,2008,2008-08-17,0.0,13.9,9.072361111111112,6.1,7.582638888888889,9.5,0.2,0.55
8,1,2008,2008-08-18,0.0,15.8,8.749027777777778,4.2,8.34375,11.1,0.42,1.9033333333333333
8,1,2008,2008-08-19,0.0,15.6,9.551319444444443,6.0,9.522222222222222,11.9,0.42,1.9416666666666667
8,1,2008,2008-08-20,0.0,16.1,9.280277777777778,3.8,8.922222222222222,11.9,0.38,1.9283333333333337
8,1,2008,2008-08-21,0.0,17.3,9.998280098280098,6.7,10.620638820638822,13.7,0.38,0.9970000000000001
9,1,2008,2008-08-15,2.566666666666667,22.4,13.323132183908045,9.6,10.714942528735632,13.7,0.35,0.6773333333333332
9,1,2008,2008-08-16,5.3,22.3,11.864444444444445,5.7,9.095138888888888,12.6,0.37,1.8066666666666669
9,1,2008,2008-08-17,0.0,15.7,9.022638888888888,5.4,7.582638888888889,9.5,0.2,0.55
9,1,2008,2008-08-18,3.7666666666666666,19.9,10.175416666666667,4.1,8.34375,11.1,0.42,1.9033333333333333
9,1,2008,2008-08-19,2.6333333333333333,19.5,10.394444444444446,5.7,9.522222222222222,11.9,0.42,1.9416666666666667
9,1,2008,2008-08-20,5.733333333333333,23.7,11.543402777777779,4.0,8.922222222222222,11.9,0.38,1.9283333333333337
9,1,2008,2008-08-21,3.8,22.2,12.065277777777778,6.7,11.223611111111111,13.7,0.38,1.5083333333333333
9,1,2008,2008-08-22,0.0,16.6,9.85135135135135,7.6,10.98918918918919,13.4,0.19,0.22933333333333336
10,1,2008,2008-08-16,4.066666666666666,24.5,14.51939058171745,6.3,9.29584487534626,12.6,0.35,0.995
10,1,2008,2008-08-17,1.3,19.4,10.426041666666666,6.2,7.582638888888889,9.5,0.2,0.55
10,1,2008,2008-08-18,6.633333333333334,26.8,12.775833333333335,5.3,8.34375,11.1,0.42,1.9033333333333333
10,1,2008,2008-08-19,6.266666666666667,27.1,13.072152777777776,7.2,9.522222222222222,11.9,0.42,1.9416666666666667
10,1,2008,2008-08-20,7.133333333333334,29.8,14.0175,5.0,8.922222222222222,11.9,0.38,1.9283333333333337
10,1,2008,2008-08-21,6.333333333333333,24.8,13.976250000000002,8.3,11.223611111111111,13.7,0.38,1.5083333333333333
10,1,2008,2008-08-22,2.3666666666666667,24.3,12.923360655737705,8.9,11.502732240437158,14.0,0.3,0.6736666666666667
11,1,2008,2008-08-26,2.6333333333333333,23.7,15.896078431372551,11.1,12.343137254901961,14.8,0.27,0.26166666666666666
11,1,2008,2008-08-27,6.166666666666667,20.8,14.628888888888888,10.8,12.302777777777777,13.7,0.36,1.3483333333333334
11,1,2008,2008-08-28,7.933333333333334,27.7,16.105069444444446,9.3,12.386111111111111,15.3,0.4,2.4283333333333332
11,1,2008,2008-08-29,7.3,24.7,13.106180555555557,5.4,9.995833333333334,13.6,0.44,1.3866666666666667
11,1,2008,2008-08-30,0.0,15.0,10.597152777777778,4.8,9.370833333333334,11.5,0.21,0.7283333333333334
11,1,2008,2008-08-31,6.6,22.2,14.187708333333333,9.3,11.26875,13.4,0.47,2.2416666666666667
11,1,2008,2008-09-01,6.466666666666667,22.4,13.838263888888887,6.7,11.48263888888889,14.5,0.44,2.2616666666666663
11,1,2008,2008-09-02,0.0,16.5,11.271964285714287,9.2,11.658928571428572,12.9,0.22,0.2833333333333333
12,1,2008,2008-08-27,1.5666666666666667,20.65,14.56425702811245,12.5,12.636546184738956,13.6,0.06,0.07800000000000001
12,1,2008,2008-08-28,8.5,33.1,17.277430555555554,7.9,12.386111111111111,15.3,0.4,2.4283333333333332
12,1,2008,2008-08-29,7.266666666666667,30.0,13.935138888888888,6.7,9.995833333333334,13.6,0.44,1.3866666666666667
12,1,2008,2008-08-30,0.0,16.6,11.685833333333333,5.3,9.370833333333334,11.5,0.21,0.7283333333333334
12,1,2008,2008-08-31,8.133333333333333,29.9,16.50472222222222,9.8,11.26875,13.4,0.47,2.2416666666666667
12,1,2008,2008-09-01,8.333333333333334,28.5,15.538263888888888,6.7,11.48263888888889,14.5,0.44,2.2616666666666663
12,1,2008,2008-09-02,8.966666666666667,30.9,17.66,8.4,12.920491803278688,15.0,0.47,2.511666666666667
13,1,2008,2008-08-28,0.7333333333333333,19.3,12.539523809523809,7.6,11.3,13.0,0.07,0.04000000000000001
13,1,2008,2008-08-29,6.033333333333333,23.1,11.542777777777777,4.4,9.995833333333334,13.6,0.44,1.3866666666666667
13,1,2008,2008-08-30,0.0,14.7,9.507291666666667,3.3,9.370833333333334,11.5,0.21,0.7283333333333334
13,1,2008,2008-08-31,6.866666666666666,23.4,13.996875,8.6,11.26875,13.4,0.47,2.2416666666666667
13,1,2008,2008-09-01,6.2,24.1,13.15715277777778,4.3,11.48263888888889,14.5,0.44,2.2616666666666663
13,1,2008,2008-09-02,8.133333333333333,26.7,15.862847222222221,8.9,12.835416666666667,15.0,0.47,2.5116666666666663
13,1,2008,2008-09-03,7.033333333333333,25.9,14.703125,7.6,12.167361111111111,14.6,0.36,1.7933333333333332
13,1,2008,2008-09-04,0.43333333333333335,19.4,12.61526845637584,11.4,11.62281879194631,13.7,0.32,0.35866666666666663
14,1,2008,2008-08-29,0.4666666666666667,18.3,13.337959183673467,10.1,9.902040816326531,12.7,0.07,0.10166666666666666
14,1,2008,2008-08-30,0.0,14.1,10.947430555555556,7.2,9.370833333333334,11.5,0.21,0.7283333333333334
14,1,2008,2008-08-31,3.6666666666666665,19.3,13.379791666666668,10.1,11.26875,13.4,0.47,2.2416666666666667
14,1,2008,2008-09-01,4.5,20.0,13.167013888888889,7.4,11.48263888888889,14.5,0.44,2.2616666666666663
14,1,2008,2008-09-02,5.366666666666666,20.6,14.335416666666667,9.8,12.835416666666667,15.0,0.47,2.5116666666666663
14,1,2008,2008-09-03,5.233333333333333,20.2,14.160208333333333,9.9,12.167361111111111,14.6,0.36,1.7933333333333332
14,1,2008,2008-09-04,8.6,25.4,16.57090277777778,11.6,12.76875,16.3,0.43,2.478333333333333
14,1,2008,2008-09-05,0.0,17.1,11.634498480243161,9.6,8.792097264437691,14.7,0.29,0.4816666666666667
15,1,2008,2008-08-30,0.0,14.0,12.74465811965812,12.0,11.328205128205129,11.5,0.03,0.020666666666666667
15,1,2008,2008-08-31,7.733333333333333,26.8,15.481597222222222,9.1,11.26875,13.4,0.47,2.2416666666666667
15,1,2008,2008-09-01,7.4,26.6,14.922569444444445,7.2,11.48263888888889,14.5,0.44,2.2616666666666663
15,1,2008,2008-09-02,8.766666666666667,28.6,16.996041666666667,9.2,12.835416666666667,15.0,0.47,2.5116666666666663
15,1,2008,2008-09-03,8.133333333333333,28.1,15.779722222222224,8.9,12.167361111111111,14.6,0.36,1.7933333333333332
15,1,2008,2008-09-04,9.866666666666667,34.6,19.124930555555554,9.6,12.76875,16.3,0.43,2.478333333333333
15,1,2008,2008-09-05,0.0,10.7,7.525420168067227,6.0,7.521428571428571,8.9,0.09,0.03400000000000001
16,1,2008,2008-09-09,1.5,21.8,14.002857142857145,8.4,10.973809523809523,14.0,0.05,0.03166666666666666
16,1,2008,2008-09-10,5.9,22.7,12.995902777777777,5.5,10.54513888888889,14.6,0.49,2.0100000000000002
16,1,2008,2008-09-11,4.1,21.9,14.105555555555556,10.7,12.259722222222223,14.7,0.45,1.9416666666666667
16,1,2008,2008-09-12,7.9,26.9,15.572291666666668,10.1,11.797916666666667,15.3,0.53,2.1650000000000005
16,1,2008,2008-09-13,8.166666666666666,31.7,15.647569444444445,6.9,10.878472222222221,14.6,0.52,2.72
16,1,2008,2008-09-14,8.266666666666667,27.7,15.293680555555557,7.6,11.60625,14.3,0.5,2.2950000000000004
16,1,2008,2008-09-15,10.366666666666667,32.5,16.736388888888886,4.3,11.834722222222222,16.5,0.49,2.525
16,1,2008,2008-09-16,0.0,15.1,9.891964285714286,6.7,9.755357142857143,12.8,0.19,0.21333333333333335
17,1,2008,2008-09-10,0.0,16.1,12.2575,10.4,11.88409090909091,13.8,0.09,0.05166666666666666
17,1,2008,2008-09-11,4.2,22.6,13.85326388888889,10.5,12.259722222222223,14.7,0.45,1.9416666666666667
17,1,2008,2008-09-12,8.1,26.0,15.230555555555556,9.4,11.797916666666667,15.3,0.53,2.1650000000000005
17,1,2008,2008-09-13,7.833333333333333,28.5,14.47076388888889,6.6,10.878472222222221,14.6,0.52,2.72
17,1,2008,2008-09-14,7.233333333333333,23.8,13.93486111111111,7.2,11.60625,14.3,0.5,2.2950000000000004
17,1,2008,2008-09-15,9.333333333333334,32.6,16.25923611111111,3.7,11.834722222222222,16.5,0.49,2.525
17,1,2008,2008-09-16,8.633333333333333,30.4,15.833124999999997,5.7,11.729166666666666,16.4,0.53,2.4066666666666667
17,1,2008,2008-09-17,0.4,19.5,8.00942760942761,4.8,8.649494949494951,14.2,0.34,0.5273333333333334
18,1,2008,2008-09-11,0.0,17.5,12.034037558685446,10.0,11.579342723004697,13.8,0.14,0.05733333333333334
18,1,2008,2008-09-12,6.933333333333334,21.8,13.935416666666667,9.2,11.797916666666667,15.3,0.53,2.1650000000000005
18,1,2008,2008-09-13,7.566666666666666,26.9,13.988194444444444,6.2,10.878472222222221,14.6,0.52,2.72
18,1,2008,2008-09-14,8.2,26.5,14.590972222222222,6.8,11.60625,14.3,0.5,2.2950000000000004
18,1,2008,2008-09-15,10.033333333333333,30.9,16.325833333333332,4.3,11.834722222222222,16.5,0.49,2.525
18,1,2008,2008-09-16,9.0,30.6,16.28590277777778,6.4,11.729166666666666,16.4,0.53,2.4066666666666667
18,1,2008,2008-09-17,8.033333333333333,27.5,14.651527777777778,5.8,11.125,15.5,0.59,2.3916666666666666
18,1,2008,2008-09-18,3.033333333333333,23.2,12.961151079136693,8.8,10.833333333333334,14.0,0.52,1.9823333333333335
19,1,2008,2008-09-12,0.9333333333333333,21.0,12.217061611374408,8.3,10.909952606635072,13.0,0.13,0.05433333333333333
19,1,2008,2008-09-13,8.666666666666666,33.6,15.10416666666667,5.8,10.878472222222221,14.6,0.52,2.72
19,1,2008,2008-09-14,8.166666666666666,30.5,15.099930555555554,5.6,11.60625,14.3,0.5,2.2950000000000004
19,1,2008,2008-09-15,9.7,37.8,16.83625,2.6,11.834722222222222,16.5,0.49,2.525
19,1,2008,2008-09-16,8.633333333333333,35.3,16.232916666666668,5.1,11.729166666666666,16.4,0.53,2.4066666666666667
19,1,2008,2008-09-17,8.9,34.1,15.890555555555556,3.3,11.125,15.5,0.59,2.3916666666666666
19,1,2008,2008-09-18,7.3,28.5,14.324166666666667,8.3,11.145833333333334,14.0,0.52,2.8833333333333333
19,1,2008,2008-09-19,0.0,14.9,9.981296296296296,8.6,10.475925925925926,12.0,0.28,0.2833333333333333
20,1,2008,2008-09-13,0.13333333333333333,18.2,11.572774869109946,8.5,9.999476439790577,11.4,0.05,0.013333333333333334
20,1,2008,2008-09-14,8.666666666666666,32.9,16.457013888888888,7.4,11.60625,14.3,0.5,2.2950000000000004
20,1,2008,2008-09-15,9.733333333333333,36.8,17.48,4.3,11.834722222222222,16.5,0.49,2.525
20,1,2008,2008-09-16,9.2,35.2,16.970833333333335,7.2,11.729166666666666,16.4,0.53,2.4066666666666667
20,1,2008,2008-09-17,9.3,32.2,16.539930555555557,4.6,11.125,15.5,0.59,2.3916666666666666
20,1,2008,2008-09-18,8.166666666666666,26.8,15.292916666666668,9.3,11.145833333333334,14.0,0.52,2.8833333333333333
20,1,2008,2008-09-19,2.8,30.2,14.543866666666664,9.8,11.121333333333334,14.3,0.53,1.4483333333333333
21,1,2008,2008-09-23,1.6666666666666667,19.9,14.95582329317269,12.5,13.580722891566262,15.4,0.19,0.187
21,1,2008,2008-09-24,8.833333333333334,26.1,17.332430555555558,12.5,14.514583333333333,17.1,0.54,2.725
21,1,2008,2008-09-25,7.166666666666667,23.4,15.215763888888889,8.2,13.355555555555556,16.7,0.48,2.1450000000000005
21,1,2008,2008-09-26,7.9,27.0,14.291944444444445,5.5,10.432638888888889,14.8,0.5,3.4266666666666667
21,1,2008,2008-09-27,4.866666666666666,22.1,12.594166666666666,4.9,11.152083333333334,15.6,0.37,1.76
21,1,2008,2008-09-28,7.433333333333334,22.45,14.193695652173913,6.9,11.6125,14.7,0.6,3.3350000000000004
21,1,2008,2008-09-29,7.466666666666667,24.3,13.151944444444446,4.3,11.199305555555556,16.7,0.52,2.1283333333333334
21,1,2008,2008-09-30,0.0,13.9,12.957731958762887,11.3,12.693470790378008,13.8,0.32,0.41566666666666663
22,1,2008,2008-09-24,2.7333333333333334,22.45,17.247835497835496,13.5,14.25844155844156,16.7,0.24,0.14100000000000001
22,1,2008,2008-09-25,8.466666666666667,25.4,17.24375,12.0,13.355555555555556,16.7,0.48,2.1450000000000005
22,1,2008,2008-09-26,8.833333333333334,25.2,15.242916666666666,7.8,10.432638888888889,14.8,0.5,3.4266666666666667
22,1,2008,2008-09-27,4.666666666666667,23.0,13.092083333333333,6.8,11.152083333333334,15.6,0.37,1.76
22,1,2008,2008-09-28,8.633333333333333,25.2,16.363913043478263,9.9,11.6125,14.7,0.6,3.3350000000000004
22,1,2008,2008-09-29,7.966666666666667,23.7,13.76736111111111,6.7,11.199305555555556,16.7,0.52,2.1283333333333334
22,1,2008,2008-09-30,5.833333333333333,19.9,15.570694444444447,11.8,12.425694444444444,14.7,0.53,2.271666666666667
22,1,2008,2008-10-01,0.23333333333333334,18.6,11.108461538461537,8.0,10.371794871794872,13.1,0.57,1.986666666666667
23,1,2008,2008-09-25,1.6,22.0,13.957777777777778,9.3,11.231111111111112,14.7,0.16,0.15833333333333333
23,1,2008,2008-09-26,8.833333333333334,28.4,15.090833333333336,5.4,10.432638888888889,14.8,0.5,3.4266666666666667
23,1,2008,2008-09-27,6.0,23.6,13.894583333333333,5.4,11.152083333333334,15.6,0.37,1.76
23,1,2008,2008-09-28,8.9,27.1,16.51659420289855,7.3,11.6125,14.7,0.6,3.3350000000000004
23,1,2008,2008-09-29,7.766666666666667,24.1,13.67284722222222,4.5,11.199305555555556,16.7,0.52,2.1283333333333334
23,1,2008,2008-09-30,7.066666666666666,25.3,15.897013888888889,10.6,12.425694444444444,14.7,0.53,2.271666666666667
23,1,2008,2008-10-01,5.833333333333333,22.9,14.214305555555555,8.4,11.251388888888888,13.6,0.57,3.075
23,1,2008,2008-10-02,0.0,12.5,10.711174242424242,9.3,10.75719696969697,12.1,0.24,0.18366666666666667
24,1,2008,2008-09-26,0.6666666666666666,20.5,11.393850267379682,7.1,9.333155080213903,12.4,0.04,0.011000000000000001
24,1,2008,2008-09-27,8.866666666666667,28.6,15.653888888888888,5.3,11.152083333333334,15.6,0.37,1.76
24,1,2008,2008-09-28,10.066666666666666,41.1,20.094710144927536,7.0,11.6125,14.7,0.6,3.3350000000000004
24,1,2008,2008-09-29,10.1,34.5,16.975,5.2,11.199305555555556,16.7,0.52,2.1283333333333334
24,1,2008,2008-09-30,9.833333333333334,34.4,19.415486111111107,10.6,12.425694444444444,14.7,0.53,2.271666666666667
24,1,2008,2008-10-01,9.266666666666667,30.8,16.91701388888889,8.0,11.251388888888888,13.6,0.57,3.075
24,1,2008,2008-10-02,9.5,33.4,18.104027777777777,9.3,11.792361111111111,13.9,0.57,2.805
24,1,2008,2008-10-03,0.0,12.0,10.38547619047619,9.5,11.311904761904762,11.9,0.04,0.013333333333333332
25,1,2008,2008-09-27,0.0,16.4,13.407142857142857,12.3,12.971428571428572,13.4,0.04,0.026666666666666665
25,1,2008,2008-09-28,8.7,31.8,15.401739130434784,2.6,11.6125,14.7,0.6,3.3350000000000004
25,1,2008,2008-09-29,8.166666666666666,29.9,14.01236111111111,1.4,11.199305555555556,16.7,0.52,2.1283333333333334
25,1,2008,2008-09-30,7.9,30.1,15.91138888888889,8.8,12.425694444444444,14.7,0.53,2.271666666666667
25,1,2008,2008-10-01,7.233333333333333,31.0,14.362569444444443,5.8,11.251388888888888,13.6,0.57,3.075
25,1,2008,2008-10-02,8.2,29.9,14.789166666666668,7.2,11.792361111111111,13.9,0.57,2.805
25,1,2008,2008-10-03,9.666666666666666,36.2,18.20486111111111,8.1,13.036111111111111,14.8,0.49,2.5899999999999994
25,1,2008,2008-10-04,6.733333333333333,36.3,20.442141230068334,12.2,14.433257403189065,16.7,0.49,1.779666666666667
26,1,2008,2008-10-07,0.0,17.8,15.679444444444448,13.9,12.972222222222221,14.1,0.0,0.0
26,1,2008,2008-10-08,8.5,25.8,17.60511882998172,11.7,12.947897623400365,14.7,0.55,2.887333333333333
27,1,2008,2008-10-08,1.6666666666666667,22.4,15.413366336633663,12.4,12.71089108910891,13.8,0.07,0.034666666666666665
27,1,2008,2008-10-09,8.5,33.4,17.158472222222223,8.8,11.493055555555555,13.8,0.59,3.078333333333333
27,1,2008,2008-10-10,8.9,30.9,15.219722222222224,4.6,10.864583333333334,14.1,0.59,3.0633333333333335
27,1,2008,2008-10-11,7.866666666666666,27.3,15.292986111111112,6.3,12.161111111111111,14.2,0.46,2.176666666666667
27,1,2008,2008-10-12,10.766666666666667,33.8,18.786458333333332,7.8,13.044444444444444,16.7,0.53,3.1300000000000003
27,1,2008,2008-10-13,10.333333333333334,31.3,17.43625,7.1,13.160416666666666,16.3,0.62,3.341666666666667
27,1,2008,2008-10-14,10.966666666666667,36.5,18.89916666666667,8.4,13.922916666666667,17.3,0.69,3.1666666666666665
27,1,2008,2008-10-15,0.0,14.9,11.363127413127412,9.0,11.476061776061776,14.2,0.27,0.31466666666666665
28,1,2008,2008-10-09,0.43333333333333335,19.0,12.812619047619048,9.0,10.207142857142857,12.3,0.11,0.07
28,1,2008,2008-10-10,7.633333333333334,24.4,13.942986111111113,6.0,10.864583333333334,14.1,0.59,3.0633333333333335
28,1,2008,2008-10-11,6.666666666666667,23.2,14.53638888888889,7.4,12.161111111111111,14.2,0.46,2.176666666666667
28,1,2008,2008-10-12,9.933333333333334,31.0,17.999513888888888,8.9,13.044444444444444,16.7,0.53,3.1300000000000003
28,1,2008,2008-10-13,10.233333333333333,28.7,16.63,7.9,13.160416666666666,16.3,0.62,3.341666666666667
28,1,2008,2008-10-14,11.0,31.8,18.083680555555556,9.1,13.922916666666667,17.3,0.69,3.1666666666666665
28,1,2008,2008-10-15,10.466666666666667,32.5,18.81826388888889,10.3,13.766666666666667,17.0,0.57,3.5300000000000002
28,1,2008,2008-10-16,8.6,34.1,21.336985018726594,14.3,15.948314606741576,19.6,0.54,3.0773333333333333
29,1,2008,2008-10-10,1.9,24.7,13.573333333333332,7.9,10.892857142857142,12.9,0.11,0.06166666666666667
29,1,2008,2008-10-11,8.8,30.8,16.188472222222224,6.0,12.161111111111111,14.2,0.46,2.176666666666667
29,1,2008,2008-10-12,11.033333333333333,42.7,20.792291666666667,7.1,13.044444444444444,16.7,0.53,3.1300000000000003
29,1,2008,2008-10-13,11.133333333333333,39.5,20.048472222222223,8.1,13.160416666666666,16.3,0.62,3.341666666666667
29,1,2008,2008-10-14,11.5,45.6,21.139930555555555,8.3,13.922916666666667,17.3,0.69,3.1666666666666665
29,1,2008,2008-10-15,11.633333333333333,45.5,22.617941585535466,8.8,13.766666666666667,17.0,0.57,3.5300000000000002
29,1,2008,2008-10-16,12.3,46.1,23.94625,13.3,15.811111111111112,19.6,0.54,3.08
29,1,2008,2008-10-17,0.0,15.5,14.632317073170732,13.4,13.471951219512196,14.6,0.19,0.103
30,1,2008,2008-10-11,0.0,17.1,13.939333333333334,12.6,12.443333333333335,12.6,0.0,0.0
30,1,2008,2008-10-12,10.533333333333333,38.7,19.518333333333334,7.3,13.044444444444444,16.7,0.53,3.1300000000000003
30,1,2008,2008-10-13,10.466666666666667,32.7,17.943819444444443,8.8,13.160416666666666,16.3,0.62,3.341666666666667
30,1,2008,2008-10-14,10.7,41.8,19.14742698191933,9.2,13.922916666666667,17.3,0.69,3.1666666666666665
30,1,2008,2008-10-15,11.033333333333333,41.2,20.81513888888889,8.7,13.766666666666667,17.0,0.57,3.5300000000000002
30,1,2008,2008-10-16,11.5,41.7,21.936666666666667,13.8,15.811111111111112,19.6,0.54,3.08
30,1,2008,2008-10-17,8.466666666666667,31.9,17.726666666666667,10.3,13.189583333333333,14.6,0.63,2.2583333333333333
30,1,2008,2008-10-18,0.5333333333333333,20.6,11.357807308970099,8.6,11.758139534883723,12.8,0.37,0.5333333333333333
1,2,2008,2008-08-04,0.0,17.8,12.933,9.4,10.491666666666667,13.2,0.32,0.44
1,2,2008,2008-08-05,0.5666666666666667,18.2,11.585972222222221,7.3,10.103472222222223,12.6,0.37,1.775
1,2,2008,2008-08-06,4.966666666666667,20.5,13.442708333333334,9.2,11.17361111111111,13.5,0.35,1.7133333333333336
1,2,2008,2008-08-07,1.6333333333333333,19.3,13.026875,8.3,10.216666666666667,13.5,0.31,1.0583333333333333
1,2,2008,2008-08-08,4.5,20.3,14.264444444444447,11.7,12.154166666666667,15.0,0.33,1.6400000000000001
1,2,2008,2008-08-09,0.0,13.7,10.877222222222223,5.6,8.314583333333333,11.0,0.29,0.7633333333333333
1,2,2008,2008-08-10,0.8666666666666667,18.7,9.222916666666666,1.2,5.941666666666666,10.2,0.41,1.9383333333333335
1,2,2008,2008-08-11,0.0,10.1,7.932789855072463,6.2,5.101449275362318,7.5,0.17,0.13733333333333334
2,2,2008,2008-08-06,1.2333333333333334,18.4,15.345437262357414,12.6,11.288973384030419,13.2,0.26,0.24266666666666667
2,2,2008,2008-08-07,0.0,17.5,13.686805555555555,10.1,10.216666666666667,13.5,0.31,1.0583333333333333
2,2,2008,2008-08-08,4.033333333333333,20.5,15.457847222222222,12.9,12.154166666666667,15.0,0.33,1.6400000000000001
2,2,2008,2008-08-09,0.0,15.3,12.768819444444443,9.5,8.314583333333333,11.0,0.29,0.7633333333333333
2,2,2008,2008-08-10,0.0,17.9,11.316736111111112,5.3,5.941666666666666,10.2,0.41,1.9383333333333335
2,2,2008,2008-08-11,4.666666666666667,21.2,14.160069444444444,8.9,8.915972222222223,12.5,0.35,2.21
2,2,2008,2008-08-12,0.0,15.4,14.58167202572347,13.8,11.607717041800644,12.2,0.05,0.04266666666666667
3,2,2008,2008-08-06,2.033333333333333,19.6,18.64133333333333,17.3,13.033333333333335,13.5,0.34,0.5623333333333332
4,2,2008,2008-08-07,3.7666666666666666,21.4,16.005722891566265,11.8,11.419879518072287,13.5,0.31,0.4376666666666667
4,2,2008,2008-08-08,5.933333333333334,23.9,14.875972222222224,11.2,12.154166666666667,15.0,0.33,1.6400000000000001
4,2,2008,2008-08-09,0.0,17.6,11.299930555555553,3.7,8.314583333333333,11.0,0.29,0.7633333333333333
4,2,2008,2008-08-10,5.8,23.9,9.995694444444444,-0.9,5.941666666666666,10.2,0.41,1.9383333333333335
4,2,2008,2008-08-11,6.566666666666666,25.0,13.502986111111113,4.4,8.915972222222223,12.5,0.35,2.21
4,2,2008,2008-08-12,4.0,23.6,14.048678720445062,8.6,11.286111111111111,15.4,0.43,1.1450000000000002
4,2,2008,2008-08-13,1.4,19.6,10.944444444444445,6.9,9.45,12.4,0.4,1.2333333333333334
4,2,2008,2008-08-14,0.0,12.1,9.089144736842107,7.9,8.831578947368422,11.4,0.24,0.25366666666666665
5,2,2008,2008-08-08,0.06666666666666667,18.5,13.179343629343629,11.4,12.124324324324325,14.3,0.17,0.17633333333333337
5,2,2008,2008-08-09,0.0,15.5,10.489097222222222,4.3,8.314583333333333,11.0,0.29,0.7633333333333333
5,2,2008,2008-08-10,0.6666666666666666,18.8,8.896458333333335,0.2,5.941666666666666,10.2,0.41,1.9383333333333335
5,2,2008,2008-08-11,3.033333333333333,19.4,11.634513888888886,4.8,8.915972222222223,12.5,0.35,2.21
5,2,2008,2008-08-12,2.466666666666667,20.4,13.161736111111113,8.7,11.286111111111111,15.4,0.43,1.1450000000000002
5,2,2008,2008-08-13,0.1,18.1,10.56298611111111,7.2,9.45,12.4,0.4,1.2333333333333334
5,2,2008,2008-08-14,1.2333333333333334,18.9,11.535625,8.1,9.8375,12.5,0.45,1.8683333333333336
5,2,2008,2008-08-15,0.6666666666666666,18.6,12.883260869565216,9.7,11.111956521739131,13.7,0.43,1.4366666666666668
6,2,2008,2008-08-19,2.1,22.2,19.760714285714286,17.3,11.064285714285715,11.9,0.42,0.724
7,2,2008,2008-08-20,0.0,17.6,12.279455445544556,7.4,10.498762376237623,11.9,0.38,1.5466666666666669
7,2,2008,2008-08-21,0.0,16.7,11.08125,7.3,11.223611111111111,13.7,0.38,1.5083333333333333
7,2,2008,2008-08-22,4.266666666666667,20.2,12.7725,8.0,12.05625,14.4,0.3,1.4016666666666666
7,2,2008,2008-08-23,1.4666666666666666,19.4,13.068124999999998,9.9,11.602777777777778,14.3,0.33,1.05
7,2,2008,2008-08-24,1.0333333333333334,21.1,13.516250000000001,9.7,12.409027777777778,16.7,0.37,0.6716666666666667
7,2,2008,2008-08-25,7.566666666666666,29.4,15.091666666666667,8.3,11.022222222222222,15.7,0.42,2.376666666666667
7,2,2008,2008-08-26,5.666666666666667,22.8,13.195000000000002,7.8,12.004166666666666,14.9,0.45,1.5733333333333335
7,2,2008,2008-08-27,0.0,13.8,11.02578947368421,9.9,11.399999999999999,12.8,0.15,0.1666666666666667
8,2,2008,2008-08-21,0.16666666666666666,18.3,12.725763358778629,9.4,11.872519083969463,12.4,0.14,0.14966666666666667
8,2,2008,2008-08-22,0.0,9.4,8.25328947368421,7.3,10.90263157894737,11.5,0.0,0.0
9,2,2008,2008-08-22,4.9,21.95,15.737367021276595,10.6,12.703191489361702,14.4,0.3,0.875
9,2,2008,2008-08-23,4.933333333333334,24.1,14.080138888888888,8.7,11.602777777777778,14.3,0.33,1.05
9,2,2008,2008-08-24,2.9,23.1,14.211458333333333,9.7,12.409027777777778,16.7,0.37,0.6716666666666667
9,2,2008,2008-08-25,7.4,31.1,15.436041666666668,7.0,11.022222222222222,15.7,0.42,2.376666666666667
9,2,2008,2008-08-26,6.733333333333333,30.55,14.271388888888888,8.0,12.004166666666666,14.9,0.45,1.5733333333333335
9,2,2008,2008-08-27,7.1,23.4,14.79513888888889,9.8,12.302777777777777,13.7,0.36,1.3483333333333334
9,2,2008,2008-08-28,8.2,33.3,16.856666666666666,8.1,12.386111111111111,15.3,0.4,2.4283333333333332
9,2,2008,2008-08-29,0.0,15.1,8.016047297297296,6.2,8.379054054054054,11.4,0.19,0.21133333333333332
10,2,2008,2008-08-22,1.9666666666666666,24.0,20.375999999999998,17.0,12.988,14.0,0.18,0.12899999999999998
11,2,2008,2008-09-02,0.0,15.7,14.152702702702703,12.7,12.366216216216216,12.7,0.0,0.0
11,2,2008,2008-09-03,6.8,24.1,14.924861111111113,9.0,12.167361111111111,14.6,0.36,1.7933333333333332
11,2,2008,2008-09-04,9.866666666666667,31.0,18.474722222222223,9.9,12.76875,16.3,0.43,2.478333333333333
11,2,2008,2008-09-05,8.166666666666666,28.0,15.031736111111112,5.8,10.170833333333333,14.7,0.46,2.0816666666666666
11,2,2008,2008-09-06,7.766666666666667,24.4,13.898680555555554,6.5,9.9125,13.2,0.44,2.67
11,2,2008,2008-09-07,4.3,21.3,12.150416666666668,3.0,10.39861111111111,14.6,0.49,1.7883333333333336
11,2,2008,2008-09-08,0.0,17.6,14.814791666666668,12.25,13.6,15.6,0.22,0.5966666666666666
11,2,2008,2008-09-09,0.43333333333333335,19.9,14.03013698630137,12.3,13.602739726027398,16.0,0.36,0.2996666666666667
12,2,2008,2008-09-02,0.0,15.4,13.504591836734697,12.4,12.359183673469383,12.7,0.0,0.0
12,2,2008,2008-09-03,8.7,28.3,16.550625,10.1,12.167361111111111,14.6,0.36,1.7933333333333332
12,2,2008,2008-09-04,9.466666666666667,31.7,17.96909722222222,8.0,12.76875,16.3,0.43,2.478333333333333
12,2,2008,2008-09-05,8.533333333333333,27.8,15.28041666666667,6.1,10.170833333333333,14.7,0.46,2.0816666666666666
12,2,2008,2008-09-06,8.033333333333333,28.7,14.058819444444445,5.5,9.9125,13.2,0.44,2.67
12,2,2008,2008-09-07,8.133333333333333,26.9,14.05625,3.8,10.39861111111111,14.6,0.49,1.7883333333333336
12,2,2008,2008-09-08,4.766666666666667,21.4,15.593541666666667,13.4,13.6,15.6,0.22,0.5966666666666666
12,2,2008,2008-09-09,9.5,29.5,17.816805555555554,7.3,13.220833333333333,16.0,0.5,1.9583333333333337
12,2,2008,2008-09-10,0.0,7.5,6.91639344262295,6.3,7.605555555555555,12.2,0.22,0.2433333333333333
13,2,2008,2008-09-04,8.333333333333334,30.3,21.637532133676093,9.3,13.535897435897436,16.3,0.43,1.8483333333333336
13,2,2008,2008-09-05,5.3,23.1,12.694444444444445,4.4,10.170833333333333,14.7,0.46,2.0816666666666666
13,2,2008,2008-09-06,6.7,22.3,12.044722222222223,4.5,9.9125,13.2,0.44,2.67
13,2,2008,2008-09-07,5.3,23.2,11.65798611111111,1.4,10.39861111111111,14.6,0.49,1.7883333333333336
13,2,2008,2008-09-08,0.0,17.5,14.266458333333334,11.3,13.6,15.6,0.22,0.5966666666666666
13,2,2008,2008-09-09,6.9,24.3,15.295902777777776,6.8,13.220833333333333,16.0,0.5,1.9583333333333337
13,2,2008,2008-09-10,2.8666666666666667,20.5,11.411041666666668,4.1,10.54513888888889,14.6,0.49,2.0100000000000002
13,2,2008,2008-09-11,0.0,14.3,11.73593220338983,10.6,12.145762711864407,13.9,0.32,0.26499999999999996
14,2,2008,2008-09-05,4.233333333333333,21.5,16.291715116279068,10.7,11.144767441860466,12.7,0.46,1.2670000000000001
14,2,2008,2008-09-06,6.133333333333334,21.0,13.192291666666668,8.2,9.9125,13.2,0.44,2.67
14,2,2008,2008-09-07,2.566666666666667,19.5,12.473611111111111,6.5,10.39861111111111,14.6,0.49,1.7883333333333336
14,2,2008,2008-09-08,0.0,17.1,14.599027777777776,12.7,13.6,15.6,0.22,0.5966666666666666
14,2,2008,2008-09-09,6.166666666666667,23.7,16.18173611111111,9.7,13.220833333333333,16.0,0.5,1.9583333333333337
14,2,2008,2008-09-10,2.2333333333333334,19.0,12.834930555555557,8.0,10.54513888888889,14.6,0.49,2.0100000000000002
14,2,2008,2008-09-11,2.066666666666667,18.7,13.627569444444443,10.9,12.259722222222223,14.7,0.45,1.9416666666666667
14,2,2008,2008-09-12,0.0,17.2,11.912033898305085,11.0,11.033898305084746,13.5,0.28,0.3983333333333334
15,2,2008,2008-09-05,6.9,25.4,17.67534090909091,8.2,11.581818181818182,14.7,0.46,1.8833333333333335
15,2,2008,2008-09-06,7.633333333333334,26.8,13.614186369958274,5.8,9.9125,13.2,0.44,2.67
15,2,2008,2008-09-07,5.7,23.4,12.434722222222222,3.0,10.39861111111111,14.6,0.49,1.7883333333333336
15,2,2008,2008-09-08,0.0,17.6,14.488472222222223,12.3,13.6,15.6,0.22,0.5966666666666666
15,2,2008,2008-09-09,7.2,28.7,16.241805555555555,7.3,13.220833333333333,16.0,0.5,1.9583333333333337
15,2,2008,2008-09-10,4.0,22.2,12.457013888888888,5.5,10.54513888888889,14.6,0.49,2.0100000000000002
15,2,2008,2008-09-11,3.8,22.8,14.174166666666668,11.2,12.259722222222223,14.7,0.45,1.9416666666666667
15,2,2008,2008-09-12,5.4,27.6,16.5250569476082,10.2,11.797916666666667,15.3,0.53,2.1650000000000005
16,2,2008,2008-09-16,7.6,31.4,20.31632390745501,8.6,12.938461538461539,16.4,0.53,1.8333333333333335
16,2,2008,2008-09-17,9.333333333333334,32.2,16.442152777777782,5.6,11.125,15.5,0.59,2.3916666666666666
16,2,2008,2008-09-18,7.366666666666666,30.0,15.642430555555555,8.9,11.145833333333334,14.0,0.52,2.8833333333333333
16,2,2008,2008-09-19,8.1,30.3,16.20576388888889,9.7,11.384722222222223,14.6,0.53,2.7583333333333333
16,2,2008,2008-09-20,9.9,35.6,17.96715277777778,6.6,11.960416666666667,16.6,0.49,3.238333333333334
16,2,2008,2008-09-21,10.333333333333334,35.3,17.585396383866485,4.2,11.07638888888889,15.2,0.51,3.146666666666667
16,2,2008,2008-09-22,10.033333333333333,36.5,20.026805555555555,11.4,13.588194444444444,16.5,0.52,3.1416666666666666
16,2,2008,2008-09-23,0.1,18.2,13.971717171717174,11.7,13.027946127946128,15.4,0.24,0.14700000000000005
17,2,2008,2008-09-17,7.666666666666667,29.5,20.456388206388205,11.3,12.80835380835381,15.5,0.59,1.7046666666666668
17,2,2008,2008-09-18,6.966666666666667,26.2,14.532638888888888,9.1,11.145833333333334,14.0,0.52,2.8833333333333333
17,2,2008,2008-09-19,7.6,29.3,15.671249999999999,9.5,11.384722222222223,14.6,0.53,2.7583333333333333
17,2,2008,2008-09-20,10.0,34.0,17.921944444444446,7.5,11.960416666666667,16.6,0.49,3.238333333333334
17,2,2008,2008-09-21,9.266666666666667,34.3,16.264722222222222,3.3,11.07638888888889,15.2,0.51,3.146666666666667
17,2,2008,2008-09-22,10.166666666666666,33.6,19.314652777777777,10.9,13.588194444444444,16.5,0.52,3.1416666666666666
17,2,2008,2008-09-23,8.433333333333334,30.5,17.394930555555558,11.3,13.891666666666667,17.1,0.49,2.0050000000000003
17,2,2008,2008-09-24,1.0333333333333334,22.3,14.438144329896907,12.6,13.442268041237114,15.4,0.28,0.324
18,2,2008,2008-09-18,1.8,19.9,13.64375,9.4,11.20524193548387,12.6,0.31,0.297
18,2,2008,2008-09-19,7.266666666666667,25.3,14.81451388888889,9.3,11.384722222222223,14.6,0.53,2.7583333333333333
18,2,2008,2008-09-20,9.866666666666667,34.1,17.606805555555557,6.9,11.960416666666667,16.6,0.49,3.238333333333334
18,2,2008,2008-09-21,8.466666666666667,29.4,15.09034722222222,4.15,11.07638888888889,15.2,0.51,3.146666666666667
18,2,2008,2008-09-22,9.533333333333333,32.5,18.570625,11.3,13.588194444444444,16.5,0.52,3.1416666666666666
18,2,2008,2008-09-23,7.566666666666666,25.9,16.143263888888885,11.6,13.891666666666667,17.1,0.49,2.0050000000000003
18,2,2008,2008-09-24,9.133333333333333,28.4,19.044414414414415,12.4,14.75045045045045,17.1,0.54,2.725
19,2,2008,2008-09-19,7.1,32.9,19.989102564102563,9.5,11.933333333333334,14.6,0.53,1.9616666666666667
19,2,2008,2008-09-20,9.633333333333333,37.9,17.442906815020862,5.3,11.960416666666667,16.6,0.49,3.238333333333334
19,2,2008,2008-09-21,9.9,36.3,16.95548611111111,1.9,11.07638888888889,15.2,0.51,3.146666666666667
19,2,2008,2008-09-22,10.066666666666666,39.0,20.430528511821976,9.0,13.588194444444444,16.5,0.52,3.1416666666666666
19,2,2008,2008-09-23,8.666666666666666,36.0,18.030625,9.9,13.891666666666667,17.1,0.49,2.0050000000000003
19,2,2008,2008-09-24,11.233333333333333,36.7,20.709722222222222,11.6,14.514583333333333,17.1,0.54,2.725
19,2,2008,2008-09-25,9.2,33.3,17.519375,6.2,13.355555555555556,16.7,0.48,2.1450000000000005
19,2,2008,2008-09-26,1.0333333333333334,25.3,7.410064935064936,3.1,8.391883116883117,13.9,0.4,0.7133333333333333
20,2,2008,2008-09-19,3.3666666666666667,29.6,16.371453287197234,10.9,11.288581314878893,14.0,0.39,0.6686666666666666
20,2,2008,2008-09-20,9.5,37.2,17.770347222222224,8.0,11.960416666666667,16.6,0.49,3.238333333333334
20,2,2008,2008-09-21,9.633333333333333,33.3,16.685624999999998,2.7,11.07638888888889,15.2,0.51,3.146666666666667
20,2,2008,2008-09-22,9.766666666666667,36.7,20.085972222222225,10.2,13.588194444444444,16.5,0.52,3.1416666666666666
20,2,2008,2008-09-23,8.566666666666666,32.6,17.773194444444446,12.1,13.891666666666667,17.1,0.49,2.0050000000000003
20,2,2008,2008-09-24,10.866666666666667,32.4,19.71236111111111,12.7,14.514583333333333,17.1,0.54,2.725
20,2,2008,2008-09-25,9.5,34.4,18.389444444444447,7.8,13.355555555555556,16.7,0.48,2.1450000000000005
20,2,2008,2008-09-26,9.466666666666667,35.2,18.17686440677966,4.7,10.432638888888889,14.8,0.5,3.4266666666666667
21,2,2008,2008-09-30,3.5,21.8,15.17461139896373,9.4,12.055440414507771,14.7,0.53,1.4750000000000003
21,2,2008,2008-10-01,1.2,19.5,11.855138888888888,7.3,11.251388888888888,13.6,0.57,3.075
21,2,2008,2008-10-02,6.166666666666667,22.1,13.719444444444445,8.1,11.792361111111111,13.9,0.57,2.805
21,2,2008,2008-10-03,6.133333333333334,22.8,14.788125,9.7,13.036111111111111,14.8,0.49,2.5899999999999994
21,2,2008,2008-10-04,8.433333333333334,24.1,16.882291666666667,13.1,14.495833333333334,16.7,0.49,2.4699999999999998
21,2,2008,2008-10-05,4.933333333333334,21.0,16.12826388888889,14.1,14.878472222222221,16.4,0.32,1.396666666666667
21,2,2008,2008-10-06,0.0,16.2,15.211875,14.3,14.49375,15.1,0.16,0.795
21,2,2008,2008-10-07,0.0,15.6,14.751923076923074,14.2,14.941258741258741,15.7,0.05,0.07166666666666667
22,2,2008,2008-10-01,1.7,19.4,13.874640287769786,10.6,12.169784172661872,13.4,0.34,0.4243333333333334
22,2,2008,2008-10-02,6.7,23.2,14.216805555555556,8.4,11.792361111111111,13.9,0.57,2.805
22,2,2008,2008-10-03,6.533333333333333,22.5,15.114236111111111,10.7,13.036111111111111,14.8,0.49,2.5899999999999994
22,2,2008,2008-10-04,8.966666666666667,24.9,16.918541666666666,12.4,14.495833333333334,16.7,0.49,2.4699999999999998
22,2,2008,2008-10-05,4.533333333333333,19.2,16.30361111111111,14.7,14.878472222222221,16.4,0.32,1.396666666666667
22,2,2008,2008-10-06,0.0,16.7,15.506458333333333,14.8,14.49375,15.1,0.16,0.795
22,2,2008,2008-10-07,2.4,20.0,15.51222222222222,11.7,15.119444444444444,19.0,0.25,0.68
22,2,2008,2008-10-08,0.0,13.2,11.293252595155709,10.2,12.151903114186851,13.6,0.38,0.5273333333333334
23,2,2008,2008-10-02,8.233333333333333,24.4,18.80611510791367,10.7,12.377218225419663,13.9,0.57,2.232
23,2,2008,2008-10-03,9.033333333333333,24.7,16.24972222222222,10.4,13.032500000000002,14.8,0.49,2.5900000000000007
23,2,2008,2008-10-04,9.966666666666667,24.7,17.742569444444445,13.3,14.495138888888889,16.7,0.49,2.4699999999999998
23,2,2008,2008-10-05,8.833333333333334,23.0,17.43215277777778,14.9,14.87736111111111,16.4,0.32,1.3966666666666667
23,2,2008,2008-10-06,0.0,17.2,16.219722222222224,15.2,14.493333333333334,15.1,0.16,0.795
23,2,2008,2008-10-07,4.266666666666667,20.7,16.41013888888889,13.6,15.123055555555556,19.0,0.25,0.6799999999999999
23,2,2008,2008-10-08,8.833333333333334,24.3,16.517708333333335,11.7,12.863194444444444,14.7,0.55,2.888333333333333
23,2,2008,2008-10-09,0.0,14.1,12.12875,11.0,11.26607142857143,12.4,0.36,0.353
24,2,2008,2008-10-03,12.733333333333333,31.2,28.151701570680622,25.4,13.893979057591626,14.8,0.47,1.675
24,2,2008,2008-10-04,24.0,27.7,27.699999999999996,27.7,14.495138888888889,16.7,0.49,2.4699999999999998
24,2,2008,2008-10-05,24.0,27.7,27.699999999999996,27.7,14.87736111111111,16.4,0.32,1.3966666666666667
24,2,2008,2008-10-06,24.0,27.7,27.699999999999996,27.7,14.493333333333334,15.1,0.16,0.795
24,2,2008,2008-10-07,24.0,27.7,27.699999999999996,27.7,15.123055555555556,19.0,0.25,0.6799999999999999
24,2,2008,2008-10-08,24.0,27.7,27.699999999999996,27.7,12.863194444444444,14.7,0.55,2.888333333333333
24,2,2008,2008-10-09,24.0,27.7,27.699999999999996,27.7,11.498194444444445,13.8,0.59,3.078333333333333
24,2,2008,2008-10-10,9.933333333333334,27.7,27.699999999999996,27.7,9.146644295302014,13.0,0.48,0.6316666666666667
25,2,2008,2008-10-04,3.066666666666667,30.2,19.260425531914898,15.1,14.310638297872341,15.8,0.24,0.1816666666666667
25,2,2008,2008-10-05,9.6,25.2,17.536805555555556,14.7,14.878472222222221,16.4,0.32,1.396666666666667
25,2,2008,2008-10-06,0.0,17.3,15.634722222222223,14.4,14.49375,15.1,0.16,0.795
25,2,2008,2008-10-07,4.266666666666667,23.8,15.898333333333332,11.0,15.119444444444444,19.0,0.25,0.68
25,2,2008,2008-10-08,9.266666666666667,31.6,17.066597222222224,9.4,12.863194444444444,14.7,0.55,2.8883333333333336
25,2,2008,2008-10-09,8.033333333333333,34.0,15.798331015299027,7.2,11.493055555555555,13.8,0.59,3.078333333333333
25,2,2008,2008-10-10,9.0,29.2,15.698223801065723,4.0,10.973001776198934,14.1,0.59,3.0633333333333335
26,2,2008,2008-10-14,1.4333333333333333,22.1,19.57325581395349,18.25,14.869767441860468,15.6,0.39,0.3706666666666667
27,2,2008,2008-10-15,10.9,35.3,24.95347222222222,16.6,15.077546296296294,17.0,0.57,2.8636666666666666
27,2,2008,2008-10-16,13.266666666666667,37.9,21.892638888888886,13.7,15.811111111111112,19.6,0.54,3.08
27,2,2008,2008-10-17,8.633333333333333,26.1,17.600625,12.0,13.189583333333333,14.6,0.63,2.2583333333333333
27,2,2008,2008-10-18,9.033333333333333,33.9,18.074583333333333,10.5,12.472222222222221,14.8,0.58,2.9816666666666665
27,2,2008,2008-10-19,10.4,37.6,18.660416666666666,7.4,12.377083333333333,15.6,0.63,3.6483333333333334
27,2,2008,2008-10-20,10.133333333333333,36.6,17.163819444444442,5.8,11.626388888888888,16.6,0.67,3.276666666666667
27,2,2008,2008-10-21,9.833333333333334,33.8,17.063472222222224,5.2,11.58611111111111,16.3,0.63,3.185
27,2,2008,2008-10-22,5.733333333333333,39.7,17.36834451901566,6.9,13.968207024029576,19.6,0.67,3.7183333333333333
28,2,2008,2008-10-16,3.9,25.5,19.79580838323353,16.7,15.266467065868266,16.5,0.0,0.0
28,2,2008,2008-10-17,7.166666666666667,23.35,16.665902777777777,11.4,13.189583333333333,14.6,0.63,2.2583333333333333
28,2,2008,2008-10-18,7.566666666666666,25.8,16.021597222222223,10.5,12.472222222222221,14.8,0.58,2.9816666666666665
28,2,2008,2008-10-19,9.866666666666667,30.3,17.674547983310152,8.9,12.377083333333333,15.6,0.63,3.6483333333333334
28,2,2008,2008-10-20,10.6,31.1,16.881597222222222,6.9,11.626388888888888,16.6,0.67,3.276666666666667
28,2,2008,2008-10-21,9.333333333333334,30.2,15.808125,6.0,11.58611111111111,16.3,0.63,3.185
28,2,2008,2008-10-22,12.1,35.7,19.24625,7.3,14.121527777777779,19.6,0.67,3.7316666666666665
28,2,2008,2008-10-23,4.766666666666667,26.4,15.809447004608298,11.7,14.422811059907835,18.2,0.52,1.2600000000000002
29,2,2008,2008-10-17,7.866666666666666,31.3,20.219880952380954,10.8,13.029761904761905,14.5,0.63,1.9666666666666666
29,2,2008,2008-10-18,9.133333333333333,37.0,18.55909722222222,9.5,12.472222222222221,14.8,0.58,2.9816666666666665
29,2,2008,2008-10-19,11.0,41.4,19.88923611111111,6.5,12.377083333333333,15.6,0.63,3.6483333333333334
29,2,2008,2008-10-20,11.166666666666666,40.4,18.719791666666666,5.2,11.626388888888888,16.6,0.67,3.276666666666667
29,2,2008,2008-10-21,10.3,44.5,19.040555555555557,4.9,11.58611111111111,16.3,0.63,3.185
29,2,2008,2008-10-22,11.766666666666667,50.2,22.174444444444443,6.5,14.121527777777779,19.6,0.67,3.7316666666666665
29,2,2008,2008-10-23,11.166666666666666,32.3,17.846111111111114,10.5,14.933333333333334,18.2,0.52,1.5683333333333336
29,2,2008,2008-10-24,6.633333333333334,31.8,20.03398692810457,14.0,15.800210970464134,18.0,0.51,2.186333333333333
30,2,2008,2008-10-18,8.4,39.8,24.300623441396507,10.9,13.00224438902743,14.8,0.58,2.268333333333333
30,2,2008,2008-10-19,10.4,42.1,19.068125,5.4,12.377083333333333,15.6,0.63,3.6483333333333334
30,2,2008,2008-10-20,10.1,42.9,17.821666666666665,4.6,11.626388888888888,16.6,0.67,3.276666666666667
30,2,2008,2008-10-21,9.9,41.0,18.00034722222222,4.2,11.58611111111111,16.3,0.63,3.185
30,2,2008,2008-10-22,11.033333333333333,42.9,20.369166666666665,6.4,14.121527777777779,19.6,0.67,3.7316666666666665
30,2,2008,2008-10-23,10.733333333333333,32.9,17.27,10.8,14.933333333333334,18.2,0.52,1.5683333333333336
30,2,2008,2008-10-24,8.5,32.5,21.003957528957528,14.4,15.867953667953666,18.0,0.51,2.3223333333333334
1,1,2009,2009-06-15,0.0,16.7,13.780185185185188,11.5,13.005555555555556,15.0,0.15,0.16833333333333336
1,1,2009,2009-06-16,0.0,16.0,11.916458333333335,9.1,12.31875,15.3,0.35,1.2733333333333334
1,1,2009,2009-06-17,0.0,14.6,8.08201388888889,2.4,7.65625,11.7,0.3,1.3066666666666664
1,1,2009,2009-06-18,0.0,15.3,8.884097222222222,5.3,8.2375,12.0,0.28,1.595
1,1,2009,2009-06-19,0.06666666666666667,18.0,9.565277777777778,2.1,8.88888888888889,14.5,0.32,1.3266666666666667
1,1,2009,2009-06-20,0.0,15.9,10.763402777777777,6.5,11.216666666666667,13.6,0.27,1.4716666666666667
1,1,2009,2009-06-21,0.0,15.3,8.414027777777779,2.1,8.074305555555556,12.6,0.27,1.535
1,1,2009,2009-06-22,0.0,15.0,8.651431297709925,2.5,8.073664122137405,13.2,0.31,1.1416666666666664
2,1,2009,2009-06-16,0.0,15.7,12.589484126984125,11.3,11.469444444444445,13.5,0.12,0.092
2,1,2009,2009-06-17,0.0,16.6,10.695555555555554,6.5,7.65625,11.7,0.3,1.3066666666666664
2,1,2009,2009-06-18,0.0,16.3,10.989513888888888,7.9,8.2375,12.0,0.28,1.595
2,1,2009,2009-06-19,0.0,17.6,11.211319444444444,5.3,8.88888888888889,14.5,0.32,1.3266666666666667
2,1,2009,2009-06-20,0.0,16.8,13.00854166666667,10.2,11.216666666666667,13.6,0.27,1.4716666666666667
2,1,2009,2009-06-21,0.0,16.6,11.034583333333332,6.4,8.074305555555556,12.6,0.27,1.535
2,1,2009,2009-06-22,0.0,14.9,10.49388888888889,6.2,8.056944444444444,13.2,0.31,1.1416666666666668
2,1,2009,2009-06-23,0.0,17.2,10.984601449275363,7.4,7.221920289855072,12.5,0.27,1.5666666666666667
3,1,2009,2009-06-17,0.0,13.3,8.015925925925925,4.8,7.925925925925926,11.6,0.1,0.08500000000000002
3,1,2009,2009-06-18,0.0,13.3,7.712986111111111,4.4,8.2375,12.0,0.28,1.595
3,1,2009,2009-06-19,0.0,17.5,8.5775,0.5,8.88888888888889,14.5,0.32,1.3266666666666667
3,1,2009,2009-06-20,0.0,14.0,9.28513888888889,3.9,11.216666666666667,13.6,0.27,1.4716666666666667
3,1,2009,2009-06-21,0.0,13.7,6.918541666666667,0.2,8.074305555555556,12.6,0.27,1.535
3,1,2009,2009-06-22,0.0,14.0,7.204861111111111,0.5,8.056944444444444,13.2,0.31,1.1416666666666668
3,1,2009,2009-06-23,0.0,14.4,6.925,0.5,7.069444444444445,12.5,0.27,1.5666666666666667
3,1,2009,2009-06-24,0.7333333333333333,18.9,10.423207547169811,5.6,8.83867924528302,13.5,0.25,0.9016666666666666
5,1,2009,2009-06-19,0.0,11.3,10.364329268292684,9.5,12.267073170731708,12.6,0.0,0.0
5,1,2009,2009-06-20,0.0,16.2,9.762152777777779,5.3,11.216666666666667,13.6,0.27,1.4716666666666667
5,1,2009,2009-06-21,0.0,15.6,7.586111111111111,1.2,8.074305555555556,12.6,0.27,1.535
5,1,2009,2009-06-22,0.0,15.1,7.107569444444443,0.8,8.056944444444444,13.2,0.31,1.1416666666666668
5,1,2009,2009-06-23,0.0,15.6,6.722499999999998,1.1,7.069444444444445,12.5,0.27,1.5666666666666667
5,1,2009,2009-06-24,0.0,15.4,9.272083333333333,4.7,9.027083333333334,13.5,0.25,0.9016666666666668
5,1,2009,2009-06-25,0.0,17.0,10.688541666666667,7.5,10.485416666666667,14.2,0.24,0.895
5,1,2009,2009-06-26,0.0,15.0,11.14247422680412,8.7,11.670103092783505,16.8,0.1,0.30166666666666664
6,1,2009,2009-06-29,0.0,11.85,11.85,11.85,10.8,10.8,0.0,0.0
7,1,2009,2009-06-30,0.0,13.1,10.33609756097561,8.0,12.075609756097565,12.9,0.0,0.0
7,1,2009,2009-07-01,0.0,16.9,10.603055555555557,6.9,12.192361111111111,14.6,0.34,1.4183333333333332
7,1,2009,2009-07-02,2.8,21.5,10.291666666666666,1.3,10.7875,14.8,0.29,1.245
7,1,2009,2009-07-03,4.766666666666667,20.8,12.891111111111108,5.1,12.853472222222223,16.7,0.32,1.396666666666667
7,1,2009,2009-07-04,0.0,5.5,3.8664502164502164,3.0,5.88008658008658,7.3,0.0,0.0
8,1,2009,2009-07-01,0.0,11.65,10.033333333333333,8.4,11.500000000000002,12.3,0.0,0.0
8,1,2009,2009-07-02,1.5,19.3,10.045069444444444,1.6,10.7875,14.8,0.29,1.245
8,1,2009,2009-07-03,4.3,20.4,12.72548611111111,5.9,12.853472222222223,16.7,0.32,1.396666666666667
8,1,2009,2009-07-04,0.0,14.9,9.443819444444445,3.9,9.918055555555556,15.0,0.17,0.52
8,1,2009,2009-07-05,0.0,16.7,12.489305555555555,10.4,13.195833333333333,16.1,0.3,1.225
8,1,2009,2009-07-06,0.0,15.1,10.992708333333333,8.7,12.159722222222221,15.3,0.26,1.0633333333333332
8,1,2009,2009-07-07,0.7666666666666667,18.2,10.535625,5.4,12.15625,15.7,0.28,1.3016666666666665
8,1,2009,2009-07-08,0.0,15.9,12.020183486238532,8.7,12.080733944954128,14.8,0.17,0.7999999999999999
9,1,2009,2009-07-02,0.0,14.25,12.299056603773582,11.6,12.99622641509434,14.1,0.01,0.0006666666666666666
9,1,2009,2009-07-03,4.866666666666666,21.1,12.507708333333332,4.8,12.853472222222223,16.7,0.32,1.396666666666667
9,1,2009,2009-07-04,0.0,5.8,3.7860869565217388,3.0,5.873913043478261,7.1,0.0,0.0
10,1,2009,2009-07-03,0.0,14.5,7.773170731707316,5.0,8.954878048780488,11.4,0.0,0.0
10,1,2009,2009-07-04,0.0,6.8,4.467241379310345,3.2,5.886206896551724,7.3,0.0,0.0
11,1,2009,2009-07-13,0.0,11.5,5.712280701754386,2.0,6.1877192982456135,9.6,0.0,0.0
11,1,2009,2009-07-14,0.0,14.1,7.062361111111111,-1.4,9.094444444444445,15.9,0.2,0.5766666666666667
11,1,2009,2009-07-15,4.366666666666666,19.7,14.512777777777776,11.8,14.50625,16.7,0.28,0.8016666666666666
11,1,2009,2009-07-16,5.6,24.2,14.761666666666667,7.5,13.729166666666666,17.1,0.31,1.1316666666666668
11,1,2009,2009-07-17,0.0,14.4,11.521249999999998,7.5,11.238194444444444,13.2,0.07,0.31833333333333336
11,1,2009,2009-07-18,0.0,12.7,10.901814516129031,9.5,11.985887096774194,14.0,0.0,0.0
12,1,2009,2009-07-14,0.0,15.2,14.702000000000002,14.0,15.133333333333331,15.9,0.0,0.0
12,1,2009,2009-07-15,6.366666666666666,25.4,16.367083333333333,13.4,14.50625,16.7,0.28,0.8016666666666666
12,1,2009,2009-07-16,6.666666666666667,28.4,15.764861111111113,8.7,13.729166666666666,17.1,0.31,1.1316666666666668
12,1,2009,2009-07-17,0.0,15.2,12.777083333333334,10.0,11.238194444444444,13.2,0.07,0.31833333333333336
12,1,2009,2009-07-18,2.6,20.6,13.144444444444444,10.1,12.691666666666666,14.4,0.28,1.0083333333333333
12,1,2009,2009-07-19,5.5,25.6,14.38659722222222,10.2,13.763194444444444,16.0,0.37,1.4100000000000001
12,1,2009,2009-07-20,7.133333333333334,27.1,14.271319444444446,7.9,13.016666666666667,15.5,0.32,1.415
12,1,2009,2009-07-21,5.3,21.6,13.059176029962547,6.7,11.771722846441948,15.5,0.24,1.0383333333333336
13,1,2009,2009-07-15,0.0,16.799999999999997,13.25825,12.2,13.51,15.0,0.0,0.0
13,1,2009,2009-07-16,4.766666666666667,19.7,13.716944444444445,7.0,13.729166666666666,17.1,0.31,1.1316666666666668
13,1,2009,2009-07-17,0.0,13.9,11.029791666666666,6.7,11.238194444444444,13.2,0.07,0.31833333333333336
13,1,2009,2009-07-18,0.0,13.9,10.778846153846153,8.4,12.691666666666666,14.4,0.28,1.0083333333333333
13,1,2009,2009-07-19,1.0,18.9,12.196875,9.4,13.763194444444444,16.0,0.37,1.4100000000000001
13,1,2009,2009-07-20,0.0,17.6,12.036666666666667,8.3,13.561616161616161,15.5,0.32,1.39
14,1,2009,2009-07-28,0.0,14.8,13.379999999999997,13.1,13.083333333333334,13.4,0.0,0.0
14,1,2009,2009-07-29,3.3666666666666667,19.5,14.240694444444443,10.3,13.543055555555556,15.6,0.35,1.34
14,1,2009,2009-07-30,0.23333333333333334,18.1,12.73076388888889,9.6,12.405555555555555,15.7,0.34,1.361666666666667
14,1,2009,2009-07-31,4.3,20.1,13.354166666666666,8.7,12.520833333333334,16.2,0.29,1.325
14,1,2009,2009-08-01,0.0,17.7,12.946736111111113,10.5,12.81875,17.1,0.23,0.73
14,1,2009,2009-08-02,3.6333333333333333,19.3,12.92375,8.4,12.263194444444444,15.4,0.35,1.6166666666666667
14,1,2009,2009-08-03,5.166666666666667,21.3,13.854513888888889,9.3,13.15625,15.4,0.37,1.7416666666666667
14,1,2009,2009-08-04,0.0,11.5,9.623144104803497,8.3,8.234061135371178,9.8,0.0,0.0
15,1,2009,2009-07-17,0.0,15.2,13.89725,13.4,12.409999999999998,12.8,0.0,0.0
15,1,2009,2009-07-18,0.06666666666666667,18.1,12.731720430107524,10.4,12.691666666666666,14.4,0.28,1.0083333333333333
15,1,2009,2009-07-19,3.933333333333333,24.4,13.926875,10.6,13.763194444444444,16.0,0.37,1.4100000000000001
15,1,2009,2009-07-20,5.366666666666666,24.3,14.03201388888889,8.5,13.016666666666667,15.5,0.32,1.415
15,1,2009,2009-07-21,0.36666666666666664,18.2,12.22125,6.1,12.363194444444444,15.5,0.24,1.0383333333333336
15,1,2009,2009-07-22,6.433333333333334,24.4,15.11625,8.9,14.479166666666666,16.7,0.32,1.3316666666666666
15,1,2009,2009-07-23,0.0,17.8,12.712847222222223,6.5,13.597916666666666,17.1,0.18,0.7466666666666666
15,1,2009,2009-07-24,0.0,14.6,13.254512635379061,11.8,14.333935018050541,15.5,0.12,0.04633333333333334
16,1,2009,2009-07-27,0.0,14.8,7.361666666666667,2.5,7.4642857142857135,12.6,0.05,0.013333333333333334
16,1,2009,2009-07-28,2.3,19.3,9.530138888888889,1.2,9.728472222222223,13.9,0.31,1.3066666666666669
16,1,2009,2009-07-29,3.1,21.0,13.124861111111112,7.7,13.543055555555556,15.6,0.35,1.34
16,1,2009,2009-07-30,2.2666666666666666,19.6,10.87138888888889,6.2,12.405555555555555,15.7,0.34,1.361666666666667
16,1,2009,2009-07-31,4.166666666666667,20.6,11.253472222222221,3.6,12.520833333333334,16.2,0.29,1.325
16,1,2009,2009-08-01,1.1,19.4,12.035416666666666,8.5,12.81875,17.1,0.23,0.73
16,1,2009,2009-08-02,3.9,22.2,11.669166666666666,4.8,12.263194444444444,15.4,0.35,1.6166666666666667
16,1,2009,2009-08-03,5.066666666666666,23.8,13.131285988483684,7.4,13.559500959692897,15.4,0.37,1.7403333333333333
17,1,2009,2009-07-16,0.0,16.700000000000003,10.026756756756757,6.1,10.97027027027027,14.2,0.0,0.0
17,1,2009,2009-07-17,0.0,13.5,10.333750000000002,5.6,11.238194444444444,13.2,0.07,0.31833333333333336
17,1,2009,2009-07-18,0.0,15.2,10.295486111111112,7.8,12.691666666666666,14.4,0.28,1.0083333333333333
17,1,2009,2009-07-19,3.4,22.7,12.219166666666666,8.5,13.763194444444444,16.0,0.37,1.4100000000000001
17,1,2009,2009-07-20,3.6,20.8,11.628472222222221,5.3,13.016666666666667,15.5,0.32,1.415
17,1,2009,2009-07-21,0.0,16.5,9.760694444444445,3.3,12.363194444444444,15.5,0.24,1.0383333333333336
17,1,2009,2009-07-22,5.8,22.2,13.627916666666664,7.0,14.479166666666666,16.7,0.32,1.3316666666666666
17,1,2009,2009-07-23,0.0,17.1,9.957889733840306,3.7,12.558555133079848,17.1,0.18,0.7466666666666666
18,1,2009,2009-08-14,0.0,14.8,14.306774193548389,13.9,15.203225806451613,16.0,0.0,0.0
18,1,2009,2009-08-15,6.233333333333333,20.7,16.23784722222222,13.9,15.61736111111111,17.6,0.36,1.07
18,1,2009,2009-08-16,1.6,19.5,14.352083333333333,12.4,14.086805555555555,16.1,0.4,1.195
18,1,2009,2009-08-17,6.6,24.6,15.875972222222224,11.7,14.356944444444444,16.4,0.36,2.091666666666667
18,1,2009,2009-08-18,5.7,23.0,15.424722222222222,9.4,14.406944444444445,16.9,0.35,1.6533333333333333
18,1,2009,2009-08-19,7.9,27.1,17.196805555555557,13.1,14.115972222222222,16.9,0.4,1.77
18,1,2009,2009-08-20,4.8,19.8,14.812222222222221,11.2,13.04375,16.0,0.25,1.175
18,1,2009,2009-08-21,7.3,29.8,17.118667917448406,9.5,13.856660412757975,17.2,0.41,2.1533333333333338
19,1,2009,2009-07-30,0.0,13.7,8.759444444444444,6.2,10.88888888888889,13.3,0.0,0.0
19,1,2009,2009-07-31,6.133333333333334,25.1,12.298819444444444,2.7,12.520833333333334,16.2,0.29,1.325
19,1,2009,2009-08-01,1.7666666666666666,21.0,12.589930555555556,8.0,12.81875,17.1,0.23,0.73
19,1,2009,2009-08-02,5.5,22.2,11.758055555555554,3.8,12.263194444444444,15.4,0.35,1.6166666666666667
19,1,2009,2009-08-03,6.066666666666666,25.5,13.660069444444444,7.8,13.15625,15.4,0.37,1.7416666666666667
19,1,2009,2009-08-04,6.566666666666666,26.9,13.289374999999998,3.8,12.022916666666667,16.2,0.34,1.8716666666666668
19,1,2009,2009-08-05,5.333333333333333,22.0,10.607083333333334,3.0,10.972222222222221,15.1,0.29,1.5933333333333333
19,1,2009,2009-08-06,5.8,25.0,9.80201923076923,0.0,9.985576923076923,16.0,0.39,1.611666666666667
20,1,2009,2009-07-31,0.0,15.6,12.240000000000002,10.7,13.496969696969696,13.9,0.0,0.0
20,1,2009,2009-08-01,1.6,20.4,13.001805555555555,9.5,12.81875,17.1,0.23,0.73
20,1,2009,2009-08-02,6.0,23.1,12.732916666666668,4.5,12.263194444444444,15.4,0.35,1.6166666666666667
20,1,2009,2009-08-03,6.666666666666667,24.9,14.030902777777778,8.1,13.15625,15.4,0.37,1.7416666666666667
20,1,2009,2009-08-04,6.433333333333334,24.4,13.437708333333333,4.3,12.022916666666667,16.2,0.34,1.8716666666666668
20,1,2009,2009-08-05,6.633333333333334,24.4,12.254930555555557,4.7,10.972222222222221,15.1,0.29,1.5933333333333333
20,1,2009,2009-08-06,6.666666666666667,26.1,10.667083333333334,1.3,10.315277777777778,16.0,0.39,1.6166666666666667
20,1,2009,2009-08-07,6.8,30.9,13.40595703125,1.6,9.919335937499998,16.2,0.36,2.069
21,1,2009,2009-06-17,0.0,13.3,8.017777777777779,4.8,7.925925925925926,11.6,0.1,0.08500000000000002
21,1,2009,2009-06-18,0.0,13.3,7.712569444444443,4.4,8.2375,12.0,0.28,1.595
21,1,2009,2009-06-19,0.0,17.5,8.576180555555556,0.5,8.88888888888889,14.5,0.32,1.3266666666666667
21,1,2009,2009-06-20,0.0,14.0,9.285277777777777,3.9,11.216666666666667,13.6,0.27,1.4716666666666667
21,1,2009,2009-06-21,0.0,13.7,6.919930555555556,0.2,8.074305555555556,12.6,0.27,1.535
21,1,2009,2009-06-22,0.0,14.0,7.2039583333333335,0.5,8.056944444444444,13.2,0.31,1.1416666666666668
21,1,2009,2009-06-23,0.0,14.4,6.9259722222222235,0.5,7.069444444444445,12.5,0.27,1.5666666666666667
21,1,2009,2009-06-24,0.7333333333333333,18.9,10.454748603351955,5.6,8.864804469273745,13.5,0.25,0.9016666666666666
22,1,2009,2009-08-11,0.0,14.8,12.737562189054726,11.5,12.501990049751244,13.5,0.02,0.004
22,1,2009,2009-08-12,4.9,19.7,13.878541666666665,9.4,13.841666666666667,16.3,0.3,1.311666666666667
22,1,2009,2009-08-13,3.433333333333333,19.5,14.398472222222225,11.3,14.329166666666667,16.0,0.35,1.155
22,1,2009,2009-08-14,0.0,15.0,13.769097222222221,12.3,14.520138888888889,16.0,0.13,0.415
22,1,2009,2009-08-15,4.3,20.0,15.814305555555555,14.1,15.61736111111111,17.6,0.36,1.07
22,1,2009,2009-08-16,0.2,18.1,13.511597222222223,11.7,14.086805555555555,16.1,0.4,1.195
22,1,2009,2009-08-17,2.533333333333333,19.0,14.258958333333334,11.4,14.356944444444444,16.4,0.36,2.091666666666667
22,1,2009,2009-08-18,3.4,19.8,13.94430641821946,9.6,14.084679089026915,16.9,0.35,1.6043333333333332
23,1,2009,2009-08-12,0.0,17.5,14.542619047619047,13.2,13.814285714285715,15.5,0.04,0.018333333333333333
23,1,2009,2009-08-13,6.366666666666666,20.6,15.559375,12.5,14.329166666666667,16.0,0.35,1.155
23,1,2009,2009-08-14,0.0,17.7,15.652152777777777,13.8,14.520138888888889,16.0,0.13,0.415
23,1,2009,2009-08-15,11.433333333333334,22.5,18.30847222222222,16.3,15.61736111111111,17.6,0.36,1.07
23,1,2009,2009-08-16,3.8666666666666667,22.1,16.736666666666668,14.7,14.086805555555555,16.1,0.4,1.195
23,1,2009,2009-08-17,7.0,21.7,16.680416666666666,13.8,14.356944444444444,16.4,0.36,2.091666666666667
23,1,2009,2009-08-18,8.4,23.1,16.68916666666667,10.7,14.406944444444445,16.9,0.35,1.6533333333333333
23,1,2009,2009-08-19,8.1,24.5,18.046649484536086,14.2,14.777491408934708,16.9,0.4,1.7699999999999998
24,1,2009,2009-08-13,0.2,18.1,16.106764705882355,15.4,14.520588235294118,14.7,0.0,0.0
24,1,2009,2009-08-14,0.0,17.1,15.891388888888887,15.1,14.520138888888889,16.0,0.13,0.415
24,1,2009,2009-08-15,9.2,26.9,18.359583333333333,14.8,15.61736111111111,17.6,0.36,1.07
24,1,2009,2009-08-16,6.666666666666667,26.1,17.228194444444444,13.9,14.086805555555555,16.1,0.4,1.195
24,1,2009,2009-08-17,9.7,27.8,18.869583333333335,14.4,14.356944444444444,16.4,0.36,2.091666666666667
24,1,2009,2009-08-18,10.233333333333333,26.4,17.999236111111113,11.1,14.406944444444445,16.9,0.35,1.6533333333333333
24,1,2009,2009-08-19,9.433333333333334,30.5,19.205416666666668,13.4,14.115972222222222,16.9,0.4,1.77
24,1,2009,2009-08-20,7.633333333333334,25.9,17.117863894139887,13.2,12.733081285444234,16.0,0.25,1.1746666666666665
25,1,2009,2009-07-29,0.0,15.4,10.324102564102564,7.9,12.38974358974359,13.9,0.01,0.0016666666666666668
25,1,2009,2009-07-30,5.2,22.6,11.592430555555554,5.5,12.405555555555555,15.7,0.34,1.361666666666667
25,1,2009,2009-07-31,4.933333333333334,25.4,12.04,2.3,12.520833333333334,16.2,0.29,1.325
25,1,2009,2009-08-01,1.6,21.4,12.973750000000003,7.4,12.81875,17.1,0.23,0.73
25,1,2009,2009-08-02,5.066666666666666,26.1,12.596805555555557,3.7,12.263194444444444,15.4,0.35,1.6166666666666667
25,1,2009,2009-08-03,6.0,25.4,13.661944444444446,7.7,13.15625,15.4,0.37,1.7416666666666667
25,1,2009,2009-08-04,6.9,27.9,13.839930555555556,3.1,12.022916666666667,16.2,0.34,1.8716666666666668
25,1,2009,2009-08-05,5.833333333333333,21.6,12.328557692307694,3.5,11.678846153846154,15.1,0.29,1.5883333333333334
26,1,2009,2009-08-24,0.0,17.3,15.156363636363634,14.3,14.161363636363637,15.5,0.05,0.030000000000000002
26,1,2009,2009-08-25,6.5,22.9,15.978263888888886,12.2,14.385416666666666,17.4,0.2,0.8883333333333334
26,1,2009,2009-08-26,9.066666666666666,28.9,18.306597222222223,12.3,15.36736111111111,17.8,0.46,2.166666666666667
26,1,2009,2009-08-27,8.5,24.6,17.41472222222222,13.2,15.605555555555556,17.2,0.39,2.431666666666666
26,1,2009,2009-08-28,9.566666666666666,30.5,19.055555555555557,13.2,15.54513888888889,18.6,0.4,2.5966666666666667
26,1,2009,2009-08-29,9.3,30.4,18.208541666666665,12.7,15.16875,18.7,0.36,1.3416666666666666
26,1,2009,2009-08-30,13.466666666666667,28.1,19.513333333333335,15.8,16.425694444444446,20.4,0.4,1.4
26,1,2009,2009-08-31,7.866666666666666,26.2,18.36399253731343,13.5,15.148507462686567,16.3,0.44,2.277
27,1,2009,2009-08-25,0.0,15.85,14.538148148148148,13.5,12.311111111111112,13.2,0.0,0.0
27,1,2009,2009-08-26,8.8,30.6,18.363194444444446,12.4,15.36736111111111,17.8,0.46,2.166666666666667
27,1,2009,2009-08-27,8.866666666666667,28.7,18.000833333333333,12.8,15.605555555555556,17.2,0.39,2.431666666666666
27,1,2009,2009-08-28,9.466666666666667,30.8,18.61451388888889,9.9,15.54513888888889,18.6,0.4,2.5966666666666667
27,1,2009,2009-08-29,8.733333333333333,29.9,16.777222222222225,9.9,15.16875,18.7,0.36,1.3416666666666666
27,1,2009,2009-08-30,9.933333333333334,26.4,18.64534722222222,15.6,16.425694444444446,20.4,0.4,1.4
27,1,2009,2009-08-31,7.766666666666667,26.7,16.421180555555555,7.9,14.638194444444444,16.3,0.44,2.2783333333333333
27,1,2009,2009-09-01,8.0,25.3,13.886787072243347,3.8,12.963307984790875,17.3,0.44,2.283
28,1,2009,2009-08-26,0.9,20.0,15.985750000000001,14.4,14.375,16.2,0.04,0.011666666666666665
28,1,2009,2009-08-27,5.6,20.9,15.510694444444443,12.6,15.605555555555556,17.2,0.39,2.431666666666666
28,1,2009,2009-08-28,8.833333333333334,27.7,17.580000000000002,10.4,15.54513888888889,18.6,0.4,2.5966666666666667
28,1,2009,2009-08-29,7.7,28.2,16.02041666666667,9.8,15.16875,18.7,0.36,1.3416666666666666
28,1,2009,2009-08-30,8.9,24.3,17.5,14.8,16.425694444444446,20.4,0.4,1.4
28,1,2009,2009-08-31,5.066666666666666,21.2,14.638263888888888,9.0,14.638194444444444,16.3,0.44,2.2783333333333333
28,1,2009,2009-09-01,7.8,23.8,13.813958333333332,4.6,13.250694444444445,17.3,0.44,2.295
28,1,2009,2009-09-02,1.4,21.5,12.614016172506737,7.7,13.224528301886792,16.3,0.42,1.044
29,1,2009,2009-08-27,0.4666666666666667,20.9,15.044358974358973,13.3,14.994871794871795,15.5,0.03,0.008333333333333333
29,1,2009,2009-08-28,9.2,37.0,19.51027777777778,9.6,15.54513888888889,18.6,0.4,2.5966666666666667
29,1,2009,2009-08-29,8.833333333333334,35.2,17.652291666666667,9.9,15.16875,18.7,0.36,1.3416666666666666
29,1,2009,2009-08-30,9.833333333333334,30.2,19.150416666666665,15.0,16.425694444444446,20.4,0.4,1.4
29,1,2009,2009-08-31,7.8,30.0,16.537708333333335,8.0,14.638194444444444,16.3,0.44,2.2783333333333333
29,1,2009,2009-09-01,8.8,33.0,15.872847222222221,5.0,13.250694444444445,17.3,0.44,2.295
29,1,2009,2009-09-02,8.366666666666667,30.4,15.518055555555556,7.0,13.491666666666667,16.3,0.42,1.9683333333333333
29,1,2009,2009-09-03,7.966666666666667,27.6,15.470167286245351,5.8,13.107063197026022,15.1,0.45,2.4843333333333337
30,1,2009,2009-08-28,0.3333333333333333,20.2,10.862749999999998,7.6,14.0125,15.9,0.06,0.021666666666666667
30,1,2009,2009-08-29,7.7,34.2,15.663055555555555,8.1,15.16875,18.7,0.36,1.3416666666666666
30,1,2009,2009-08-30,7.633333333333334,26.3,17.067708333333332,13.5,16.425694444444446,20.4,0.4,1.4
30,1,2009,2009-08-31,6.366666666666666,27.6,14.431875000000002,5.5,14.638194444444444,16.3,0.44,2.2783333333333333
30,1,2009,2009-09-01,7.766666666666667,29.2,13.609375,3.1,13.250694444444445,17.3,0.44,2.295
30,1,2009,2009-09-02,7.333333333333333,35.8,14.960694444444446,5.1,13.491666666666667,16.3,0.42,1.9683333333333333
30,1,2009,2009-09-03,7.566666666666666,29.6,13.81576388888889,5.1,12.759027777777778,15.1,0.45,2.486666666666667
30,1,2009,2009-09-04,7.066666666666666,26.6,14.475728155339805,5.0,10.153398058252428,14.1,0.45,2.351666666666666
1,2,2009,2009-06-22,0.0,11.9,9.18953488372093,7.0,7.57093023255814,10.6,0.0,0.0
1,2,2009,2009-06-23,0.0,16.1,8.144166666666665,2.2,7.069444444444445,12.5,0.27,1.5666666666666667
1,2,2009,2009-06-24,0.0,17.2,10.708402777777776,5.8,9.027083333333334,13.5,0.25,0.9016666666666668
1,2,2009,2009-06-25,0.0,16.6,12.172291666666666,8.9,10.485416666666667,14.2,0.24,0.895
1,2,2009,2009-06-26,0.0,15.5,13.029583333333333,10.6,12.529166666666667,16.8,0.1,0.30833333333333335
1,2,2009,2009-06-27,0.0,16.9,14.613402777777777,13.5,13.799305555555556,15.4,0.1,0.42166666666666675
1,2,2009,2009-06-28,0.0,16.6,14.264027777777775,12.8,14.164583333333333,16.2,0.03,0.10500000000000001
1,2,2009,2009-06-29,0.0,15.0,13.232482993197278,11.9,12.749319727891155,13.6,0.02,0.01266666666666667
2,2,2009,2009-06-23,0.0,13.7,11.741836734693877,10.4,6.338095238095239,7.6,0.0,0.0
2,2,2009,2009-06-24,0.0,17.1,12.157013888888887,8.8,9.027083333333334,13.5,0.25,0.9016666666666668
2,2,2009,2009-06-25,3.566666666666667,19.9,13.461875,10.1,10.485416666666667,14.2,0.24,0.895
2,2,2009,2009-06-26,0.0,15.8,14.356111111111113,12.3,12.529166666666667,16.8,0.1,0.30833333333333335
2,2,2009,2009-06-27,0.0,17.4,15.87173611111111,14.6,13.799305555555556,15.4,0.1,0.42166666666666675
2,2,2009,2009-06-28,0.0,17.1,15.47215277777778,14.4,14.164583333333333,16.2,0.03,0.10500000000000001
2,2,2009,2009-06-29,0.0,16.2,13.912083333333335,11.9,11.875,13.6,0.19,0.4666666666666667
2,2,2009,2009-06-30,0.0,12.5,11.819259259259258,11.4,11.857407407407408,13.1,0.04,0.016666666666666666
3,2,2009,2009-06-24,0.0,11.1,10.112809917355374,9.6,9.071900826446281,10.2,0.0,0.0
3,2,2009,2009-06-25,2.566666666666667,18.7,12.14472222222222,9.0,10.485416666666667,14.2,0.24,0.895
3,2,2009,2009-06-26,0.0,16.0,12.640833333333335,8.9,12.529166666666667,16.8,0.1,0.30833333333333335
3,2,2009,2009-06-27,0.0,17.3,14.964444444444444,13.5,13.799305555555556,15.4,0.1,0.42166666666666675
3,2,2009,2009-06-28,0.0,15.3,13.795347222222224,12.6,14.164583333333333,16.2,0.03,0.10500000000000001
3,2,2009,2009-06-29,0.0,13.8,11.374930555555556,9.1,11.875,13.6,0.19,0.4666666666666667
3,2,2009,2009-06-30,0.0,15.5,11.439375,8.6,12.616666666666667,14.7,0.17,0.7783333333333334
3,2,2009,2009-07-01,0.0,9.3,8.897282608695651,8.4,11.231521739130438,11.6,0.0,0.0
4,2,2009,2009-06-25,0.0,11.75,10.53955223880597,10.0,8.822388059701492,8.9,0.0,0.0
4,2,2009,2009-06-26,0.0,15.5,12.513402777777777,8.9,12.529166666666667,16.8,0.1,0.30833333333333335
4,2,2009,2009-06-27,1.9,18.2,15.07201388888889,13.4,13.799305555555556,15.4,0.1,0.42166666666666675
4,2,2009,2009-06-28,0.0,15.6,14.202708333333334,12.9,14.164583333333333,16.2,0.03,0.10500000000000001
4,2,2009,2009-06-29,0.0,17.3,13.036875000000002,10.2,11.875,13.6,0.19,0.4666666666666667
4,2,2009,2009-06-30,2.1,18.4,12.32625,8.8,12.616666666666667,14.7,0.17,0.7783333333333334
4,2,2009,2009-07-01,3.8666666666666667,20.4,12.01902777777778,8.0,12.192361111111111,14.6,0.34,1.4183333333333332
4,2,2009,2009-07-02,0.0,8.0,4.164259259259259,1.9,7.474074074074073,10.2,0.08,0.05166666666666668
5,2,2009,2009-06-26,0.0,14.2,13.813432835820896,13.4,14.122388059701489,15.1,0.0,0.0
5,2,2009,2009-06-27,0.0,17.0,14.102569444444443,12.6,13.799305555555556,15.4,0.1,0.42166666666666675
5,2,2009,2009-06-28,0.0,16.4,14.071805555555557,12.7,14.164583333333333,16.2,0.03,0.10500000000000001
5,2,2009,2009-06-29,0.0,15.1,12.473749999999997,9.8,11.875,13.6,0.19,0.4666666666666667
5,2,2009,2009-06-30,0.0,16.8,11.754375000000001,8.9,12.616666666666667,14.7,0.17,0.7783333333333334
5,2,2009,2009-07-01,0.0,17.8,10.971527777777778,6.9,12.192361111111111,14.6,0.34,1.4183333333333332
5,2,2009,2009-07-02,0.06666666666666667,18.0,8.839330922242315,1.9,10.054611211573238,14.8,0.29,1.245
6,2,2009,2009-07-06,0.0,14.2,11.683060109289617,9.8,12.185792349726773,13.1,0.0,0.0
6,2,2009,2009-07-07,6.266666666666667,21.7,12.353680555555558,6.3,12.15625,15.7,0.28,1.3016666666666665
6,2,2009,2009-07-08,3.966666666666667,19.8,12.310972222222222,5.8,11.295833333333333,14.8,0.17,0.8
6,2,2009,2009-07-09,5.866666666666666,25.2,11.483958333333334,4.2,8.85763888888889,13.3,0.28,1.6333333333333333
6,2,2009,2009-07-10,4.9,22.9,9.48076388888889,-0.1,7.769444444444445,13.1,0.27,1.4433333333333331
6,2,2009,2009-07-11,0.0,11.4,9.78736111111111,8.3,9.97638888888889,11.5,0.04,0.18500000000000003
6,2,2009,2009-07-12,0.0,17.6,11.057083333333333,8.0,10.540972222222221,12.0,0.3,0.8450000000000001
7,2,2009,2009-07-07,0.0,11.7,8.975977653631285,7.4,9.928491620111732,13.3,0.0,0.0
7,2,2009,2009-07-08,0.0,16.7,11.082152777777777,7.3,11.295833333333333,14.8,0.17,0.8
7,2,2009,2009-07-09,4.266666666666667,20.2,12.774097222222222,8.0,8.85763888888889,13.3,0.28,1.6333333333333333
7,2,2009,2009-07-10,1.4666666666666666,19.4,13.067083333333333,9.9,7.769444444444445,13.1,0.27,1.4433333333333331
7,2,2009,2009-07-11,1.0666666666666667,21.1,13.515347222222221,9.7,9.97638888888889,11.5,0.04,0.18500000000000003
7,2,2009,2009-07-12,7.566666666666666,29.4,15.09361111111111,8.3,10.540972222222221,12.0,0.3,0.8450000000000001
7,2,2009,2009-07-13,5.666666666666667,22.8,13.197708333333331,7.8,9.654861111111112,12.8,0.29,1.6800000000000002
7,2,2009,2009-07-14,0.0,14.5,11.178428093645483,9.9,3.5287625418060196,6.9,0.04,0.067
8,2,2009,2009-07-08,0.0,10.2,8.434926470588236,6.5,8.275735294117647,10.0,0.0,0.0
8,2,2009,2009-07-09,0.0,16.7,8.81451388888889,3.7,8.85763888888889,13.3,0.28,1.6333333333333333
8,2,2009,2009-07-10,0.0,15.5,7.087152777777778,0.5,7.769444444444445,13.1,0.27,1.4433333333333331
8,2,2009,2009-07-11,0.0,10.6,8.992916666666666,7.0,9.97638888888889,11.5,0.04,0.18500000000000003
8,2,2009,2009-07-12,0.0,12.1,9.18923611111111,7.2,10.540972222222221,12.0,0.3,0.8450000000000001
8,2,2009,2009-07-13,0.0,17.6,9.846041666666668,3.5,9.654861111111112,12.8,0.29,1.6800000000000002
8,2,2009,2009-07-14,0.0,14.0,7.624236111111111,0.2,9.094444444444445,15.9,0.2,0.5766666666666667
8,2,2009,2009-07-15,0.0,12.6,11.700581395348838,11.35,14.26937984496124,15.0,0.01,0.001
9,2,2009,2009-07-09,0.0,11.5,6.644755244755245,4.0,7.0888111888111895,8.9,0.0,0.0
9,2,2009,2009-07-10,1.2333333333333334,18.4,7.761597222222221,0.9,7.769444444444445,13.1,0.27,1.4433333333333331
9,2,2009,2009-07-11,0.0,10.3,8.629166666666666,6.7,9.97638888888889,11.5,0.04,0.18500000000000003
9,2,2009,2009-07-12,0.0,13.4,8.854652777777778,6.6,10.540972222222221,12.0,0.3,0.8450000000000001
9,2,2009,2009-07-13,4.3,23.1,9.786041666666668,2.5,9.654861111111112,12.8,0.29,1.6800000000000002
9,2,2009,2009-07-14,0.0,14.6,7.78125,0.3,9.094444444444445,15.9,0.2,0.5766666666666667
9,2,2009,2009-07-15,4.466666666666667,21.1,14.827569444444443,12.3,14.50625,16.7,0.28,0.8016666666666666
9,2,2009,2009-07-16,0.0,14.1,12.787162162162161,12.3,13.473310810810812,15.6,0.07,0.05566666666666667
10,2,2009,2009-07-10,0.0,9.9,6.7466257668711656,5.9,8.594478527607363,9.8,0.0,0.0
10,2,2009,2009-07-11,0.0,11.0,9.304166666666667,7.0,9.97638888888889,11.5,0.04,0.18500000000000003
10,2,2009,2009-07-12,0.0,16.1,10.397222222222224,7.9,10.540972222222221,12.0,0.3,0.8450000000000001
10,2,2009,2009-07-13,5.033333333333333,24.2,9.813749999999999,1.9,9.654861111111112,12.8,0.29,1.6800000000000002
10,2,2009,2009-07-14,0.0,17.8,8.523958333333333,1.2,9.094444444444445,15.9,0.2,0.5766666666666667
10,2,2009,2009-07-15,5.666666666666667,23.2,15.197847222222224,12.4,14.50625,16.7,0.28,0.8016666666666666
10,2,2009,2009-07-16,6.1,24.7,14.65388888888889,7.8,13.729166666666666,17.1,0.31,1.1316666666666668
10,2,2009,2009-07-17,0.0,11.5,9.501454545454546,8.5,9.501818181818182,10.4,0.05,0.02833333333333334
11,2,2009,2009-07-20,4.566666666666666,21.7,14.987571428571428,7.4,12.981428571428571,15.5,0.32,0.855
11,2,2009,2009-07-21,0.0,16.6,11.236944444444445,5.5,12.363194444444444,15.5,0.24,1.0383333333333336
11,2,2009,2009-07-22,5.566666666666666,21.6,14.347847222222223,8.9,14.479166666666666,16.7,0.32,1.3316666666666666
11,2,2009,2009-07-23,0.0,17.0,11.902083333333334,5.2,13.597916666666666,17.1,0.18,0.7466666666666666
11,2,2009,2009-07-24,5.133333333333334,22.3,13.386805555555556,5.9,12.95,16.0,0.37,1.4816666666666667
11,2,2009,2009-07-25,0.0,17.3,8.156041666666667,1.6,8.247222222222222,12.0,0.31,1.8933333333333333
11,2,2009,2009-07-26,4.166666666666667,21.2,7.327708333333332,-2.5,6.856944444444444,13.8,0.37,1.6216666666666668
11,2,2009,2009-07-27,0.0,4.7,1.719160583941606,-0.1,4.156569343065693,6.1,0.12,0.08600000000000001
12,2,2009,2009-07-21,0.0,13.4,12.791715976331362,12.3,14.097041420118344,14.5,0.0,0.0
12,2,2009,2009-07-22,6.566666666666666,25.2,15.036111111111111,9.4,14.479166666666666,16.7,0.32,1.3316666666666666
12,2,2009,2009-07-23,5.6,22.1,13.81763392857143,5.7,13.597916666666666,17.1,0.18,0.7466666666666666
12,2,2009,2009-07-24,6.1,25.0,14.28486111111111,5.8,12.95,16.0,0.37,1.4816666666666667
12,2,2009,2009-07-25,4.933333333333334,25.3,9.726597222222221,1.3,8.247222222222222,12.0,0.31,1.8933333333333333
12,2,2009,2009-07-26,5.633333333333334,26.6,8.481666666666666,-2.2,6.856944444444444,13.8,0.37,1.6216666666666668
12,2,2009,2009-07-27,5.566666666666666,29.6,9.334097222222221,0.1,7.475694444444443,12.9,0.33,1.6433333333333333
12,2,2009,2009-07-28,0.0,9.3,4.2551971326164875,2.4,4.752329749103943,7.1,0.07,0.08300000000000002
13,2,2009,2009-07-22,0.0,15.5,10.833678756476685,7.2,12.782383419689122,15.0,0.0,0.0
13,2,2009,2009-07-23,0.0,17.3,11.534236111111111,4.1,13.597916666666666,17.1,0.18,0.7466666666666666
13,2,2009,2009-07-24,0.0,17.5,11.873402777777775,4.3,12.95,16.0,0.37,1.4816666666666667
13,2,2009,2009-07-25,0.0,14.3,6.612361111111112,0.3,8.247222222222222,12.0,0.31,1.8933333333333333
13,2,2009,2009-07-26,0.0,17.7,5.7602777777777785,-3.6,6.856944444444444,13.8,0.37,1.6216666666666668
13,2,2009,2009-07-27,0.0,17.6,6.529930555555556,-1.5,7.475694444444443,12.9,0.33,1.6433333333333333
13,2,2009,2009-07-28,2.3,19.8,9.215763888888889,0.2,9.728472222222223,13.9,0.31,1.3066666666666669
13,2,2009,2009-07-29,0.0,13.1,11.849999999999998,11.3,13.210563380281691,14.2,0.07,0.03933333333333334
14,2,2009,2009-08-04,0.0,16.4,14.421472392638035,12.6,13.286503067484661,14.4,0.0,0.0
14,2,2009,2009-08-05,3.1,19.0,12.48451388888889,8.0,10.972222222222221,15.1,0.29,1.5933333333333333
14,2,2009,2009-08-06,4.866666666666666,20.7,12.487222222222224,7.4,10.315277777777778,16.0,0.39,1.6166666666666667
14,2,2009,2009-08-07,5.833333333333333,22.5,13.04486111111111,6.3,10.29861111111111,16.2,0.36,2.0900000000000003
14,2,2009,2009-08-08,3.566666666666667,19.4,12.401180555555554,7.7,10.639583333333333,15.5,0.41,2.0516666666666667
14,2,2009,2009-08-09,0.0,17.4,12.647847222222223,8.2,12.672222222222222,14.9,0.35,1.6083333333333334
14,2,2009,2009-08-10,0.3333333333333333,18.0,13.90284722222222,11.8,13.853472222222223,16.0,0.38,1.2699999999999998
14,2,2009,2009-08-11,0.0,12.9,11.161130742049469,10.1,12.557597173144877,13.6,0.13,0.09799999999999999
15,2,2009,2009-07-24,5.466666666666667,22.8,14.790686274509804,8.2,11.843872549019606,16.0,0.37,1.322
15,2,2009,2009-07-25,4.566666666666666,22.8,10.403958333333334,3.2,8.247222222222222,12.0,0.31,1.8933333333333333
15,2,2009,2009-07-26,5.066666666666666,24.7,8.710694444444444,-0.9,6.856944444444444,13.8,0.37,1.6216666666666668
15,2,2009,2009-07-27,4.933333333333334,24.4,9.551736111111113,1.1,7.475694444444443,12.9,0.33,1.6433333333333333
15,2,2009,2009-07-28,4.3,22.8,11.465972222222222,2.9,9.728472222222223,13.9,0.31,1.3066666666666669
15,2,2009,2009-07-29,5.9,24.6,15.250277777777779,10.1,13.543055555555556,15.6,0.35,1.34
15,2,2009,2009-07-30,3.966666666666667,20.4,12.693888888888889,8.5,12.405555555555555,15.7,0.34,1.361666666666667
15,2,2009,2009-07-31,0.0,11.0,7.400361010830325,4.8,9.434296028880867,12.4,0.14,0.08433333333333334
16,2,2009,2009-08-03,0.0,14.4,11.81441176470588,9.3,11.805882352941177,13.7,0.0,0.0
16,2,2009,2009-08-04,6.433333333333334,26.8,13.313125000000001,5.1,12.022916666666667,16.2,0.34,1.8716666666666668
16,2,2009,2009-08-05,3.3333333333333335,20.4,10.215277777777779,4.0,10.972222222222221,15.1,0.29,1.5933333333333333
16,2,2009,2009-08-06,4.2,22.8,9.168333333333335,0.7,10.315277777777778,16.0,0.39,1.6166666666666667
16,2,2009,2009-08-07,5.5,26.2,10.634375,1.2,10.29861111111111,16.2,0.36,2.0900000000000003
16,2,2009,2009-08-08,5.566666666666666,22.8,10.720347222222221,2.7,10.639583333333333,15.5,0.41,2.0516666666666667
16,2,2009,2009-08-09,4.3,19.7,12.45215277777778,6.1,12.672222222222222,14.9,0.35,1.6083333333333334
16,2,2009,2009-08-10,0.0,13.0,11.92140287769784,11.3,13.54928057553957,13.9,0.05,0.04333333333333334
17,2,2009,2009-07-23,0.0,14.5,13.662951807228916,12.6,16.379518072289155,17.1,0.0,0.0
17,2,2009,2009-07-24,3.3,21.7,12.143958333333332,4.1,12.95,16.0,0.37,1.4816666666666667
17,2,2009,2009-07-25,1.3,19.0,7.440972222222222,-0.1,8.247222222222222,12.0,0.31,1.8933333333333333
17,2,2009,2009-07-26,4.0,22.3,6.058125,-3.9,6.856944444444444,13.8,0.37,1.6216666666666668
17,2,2009,2009-07-27,3.5,22.8,7.125069444444445,-1.7,7.475694444444443,12.9,0.33,1.6433333333333333
17,2,2009,2009-07-28,3.2333333333333334,21.7,9.002777777777776,-0.1,9.728472222222223,13.9,0.31,1.3066666666666669
17,2,2009,2009-07-29,3.4,22.4,12.755069444444445,7.2,13.543055555555556,15.6,0.35,1.34
17,2,2009,2009-07-30,0.0,9.7,7.342805755395684,6.2,11.259712230215829,13.4,0.08,0.067
18,2,2009,2009-08-21,1.0333333333333334,19.5,16.051488095238096,13.3,14.227976190476191,16.1,0.0,0.0
18,2,2009,2009-08-22,7.866666666666666,28.5,16.298055555555557,9.9,13.1625,17.2,0.42,2.0383333333333336
18,2,2009,2009-08-23,6.0,21.9,13.907777777777778,7.9,12.85625,16.0,0.32,1.39
18,2,2009,2009-08-24,2.933333333333333,18.5,14.884861111111112,12.0,14.51736111111111,15.8,0.23,1.0450000000000002
18,2,2009,2009-08-25,4.966666666666667,20.8,14.802499999999998,11.5,14.385416666666666,17.4,0.2,0.8883333333333334
18,2,2009,2009-08-26,8.133333333333333,26.4,17.028055555555557,11.8,15.36736111111111,17.8,0.46,2.166666666666667
18,2,2009,2009-08-27,7.333333333333333,22.7,15.973402777777778,11.8,15.605555555555556,17.2,0.39,2.431666666666666
18,2,2009,2009-08-28,0.0,14.6,14.068849206349208,13.1,14.967460317460317,15.4,0.12,0.06966666666666668
19,2,2009,2009-08-06,0.0,13.1,7.757621951219512,4.7,10.626829268292683,12.7,0.0,0.0
19,2,2009,2009-08-07,6.9,31.7,11.840277777777779,0.3,10.29861111111111,16.2,0.36,2.0900000000000003
19,2,2009,2009-08-08,6.266666666666667,26.4,11.051736111111111,1.5,10.639583333333333,15.5,0.41,2.0516666666666667
19,2,2009,2009-08-09,6.733333333333333,24.3,13.611944444444445,5.1,12.672222222222222,14.9,0.35,1.6083333333333334
19,2,2009,2009-08-10,6.466666666666667,25.4,15.415972222222223,11.3,13.853472222222223,16.0,0.38,1.2699999999999998
19,2,2009,2009-08-11,6.566666666666666,27.0,14.879097222222223,9.0,13.072916666666666,15.0,0.37,1.7116666666666664
19,2,2009,2009-08-12,7.7,23.5,14.898680555555554,9.4,13.841666666666667,16.3,0.3,1.311666666666667
19,2,2009,2009-08-13,0.0,14.7,11.876607142857145,11.2,13.407142857142857,14.5,0.1,0.06833333333333333
20,2,2009,2009-08-07,0.23333333333333334,18.5,11.272311827956987,6.3,10.764516129032256,14.7,0.0,0.0
20,2,2009,2009-08-08,6.333333333333333,24.9,11.892916666666668,3.5,10.639583333333333,15.5,0.41,2.0516666666666667
20,2,2009,2009-08-09,6.4,22.1,13.533819444444443,7.0,12.672222222222222,14.9,0.35,1.6083333333333334
20,2,2009,2009-08-10,5.633333333333334,23.7,14.934374999999998,11.5,13.853472222222223,16.0,0.38,1.2699999999999998
20,2,2009,2009-08-11,6.5,25.2,14.926111111111112,9.8,13.072916666666666,15.0,0.37,1.7116666666666664
20,2,2009,2009-08-12,7.733333333333333,22.4,14.995138888888889,9.7,13.841666666666667,16.3,0.3,1.311666666666667
20,2,2009,2009-08-13,7.0,23.3,15.447083333333333,11.5,14.329166666666667,16.0,0.35,1.155
20,2,2009,2009-08-14,0.0,14.7,13.511498257839722,13.0,14.03205574912892,14.5,0.05,0.038333333333333344
21,2,2009,2009-06-24,0.0,11.1,10.104583333333334,9.6,9.0625,10.1,0.0,0.0
21,2,2009,2009-06-25,2.566666666666667,18.7,12.14472222222222,9.0,10.485416666666667,14.2,0.24,0.895
21,2,2009,2009-06-26,0.0,16.0,12.640833333333335,8.9,12.529166666666667,16.8,0.1,0.30833333333333335
21,2,2009,2009-06-27,0.0,17.3,14.964444444444444,13.5,13.799305555555556,15.4,0.1,0.42166666666666675
21,2,2009,2009-06-28,0.0,15.3,13.795347222222224,12.6,14.164583333333333,16.2,0.03,0.10500000000000001
21,2,2009,2009-06-29,0.0,13.8,11.374930555555556,9.1,11.875,13.6,0.19,0.4666666666666667
21,2,2009,2009-06-30,0.0,15.5,11.439375,8.6,12.616666666666667,14.7,0.17,0.7783333333333334
21,2,2009,2009-07-01,0.0,9.3,8.897282608695651,8.4,11.231521739130438,11.6,0.0,0.0
22,2,2009,2009-08-18,0.0,16.5,15.828521126760561,15.0,14.795070422535215,15.2,0.0,0.0
22,2,2009,2009-08-19,5.666666666666667,21.3,15.017152777777778,10.3,14.115972222222222,16.9,0.4,1.77
22,2,2009,2009-08-20,0.0,16.4,12.776805555555557,9.9,13.04375,16.0,0.25,1.175
22,2,2009,2009-08-21,7.166666666666667,21.9,14.858333333333333,9.2,14.004166666666666,17.2,0.41,2.1533333333333333
22,2,2009,2009-08-22,6.866666666666666,23.8,15.280000000000001,10.2,13.1625,17.2,0.42,2.0383333333333336
22,2,2009,2009-08-23,6.1,21.3,13.869791666666666,8.1,12.85625,16.0,0.32,1.39
22,2,2009,2009-08-24,3.9,19.3,14.759861111111112,11.3,14.51736111111111,15.8,0.23,1.0450000000000002
22,2,2009,2009-08-25,0.0,13.6,11.265467625899282,10.1,13.926978417266188,14.4,0.06,0.05400000000000001
23,2,2009,2009-08-19,0.0,16.2,14.73601694915254,13.6,11.31101694915254,11.4,0.0,0.0
23,2,2009,2009-08-20,2.933333333333333,19.0,15.077499999999999,12.2,13.04375,16.0,0.25,1.175
23,2,2009,2009-08-21,8.9,27.1,16.751944444444447,10.3,14.004166666666666,17.2,0.41,2.1533333333333333
23,2,2009,2009-08-22,7.566666666666666,25.65,16.048611111111107,9.8,13.1625,17.2,0.42,2.0383333333333336
23,2,2009,2009-08-23,6.066666666666666,20.5,14.321597222222222,8.0,12.85625,16.0,0.32,1.39
23,2,2009,2009-08-24,6.1,19.5,16.169583333333335,13.2,14.51736111111111,15.8,0.23,1.0450000000000002
23,2,2009,2009-08-25,5.366666666666666,20.8,15.525,12.5,14.385416666666666,17.4,0.2,0.8883333333333334
23,2,2009,2009-08-26,0.0,15.9,13.857459677419353,12.5,14.295967741935485,16.8,0.05,0.011666666666666665
24,2,2009,2009-08-20,0.0,17.9,15.603293413173656,13.8,13.756886227544914,14.7,0.0,0.0
24,2,2009,2009-08-21,11.1,35.6,19.568958333333335,9.1,14.004166666666666,17.2,0.41,2.1533333333333333
24,2,2009,2009-08-22,8.7,33.1,18.841180555555557,12.5,13.1625,17.2,0.42,2.0383333333333336
24,2,2009,2009-08-23,8.133333333333333,24.8,17.156944444444445,12.8,12.85625,16.0,0.32,1.39
24,2,2009,2009-08-24,7.1,21.3,16.971458333333334,14.2,14.51736111111111,15.8,0.23,1.0450000000000002
24,2,2009,2009-08-25,7.533333333333333,24.8,17.037916666666664,13.3,14.385416666666666,17.4,0.2,0.8883333333333334
24,2,2009,2009-08-26,11.733333333333333,32.4,20.340833333333336,14.5,15.36736111111111,17.8,0.46,2.166666666666667
24,2,2009,2009-08-27,0.3,19.1,16.016098484848484,14.5,15.095075757575756,16.4,0.17,0.1376666666666667
25,2,2009,2009-08-05,0.0,11.5,5.720170454545455,3.5,8.569318181818183,12.7,0.0,0.0
25,2,2009,2009-08-06,6.566666666666666,23.4,9.694374999999999,0.1,10.315277777777778,16.0,0.39,1.6166666666666667
25,2,2009,2009-08-07,6.733333333333333,30.8,11.745000000000003,1.0,10.29861111111111,16.2,0.36,2.0900000000000003
25,2,2009,2009-08-08,5.8,29.1,11.480069444444446,2.5,10.639583333333333,15.5,0.41,2.0516666666666667
25,2,2009,2009-08-09,3.7666666666666666,20.1,12.610833333333332,5.4,12.672222222222222,14.9,0.35,1.6083333333333334
25,2,2009,2009-08-10,5.6,25.1,15.189791666666666,11.7,13.853472222222223,16.0,0.38,1.2699999999999998
25,2,2009,2009-08-11,6.8,28.4,15.755833333333335,9.4,13.072916666666666,15.0,0.37,1.7116666666666664
25,2,2009,2009-08-12,0.0,17.7,11.251020408163264,9.3,12.354761904761906,15.2,0.23,0.18533333333333332
26,2,2009,2009-08-31,0.0,17.6,14.18865030674847,12.4,13.005521472392639,14.3,0.0,0.0
26,2,2009,2009-09-01,8.533333333333333,25.6,16.20145833333333,8.5,13.24736111111111,17.3,0.44,2.295
26,2,2009,2009-09-02,8.633333333333333,30.0,16.990347222222223,10.2,13.494583333333335,16.3,0.42,1.9683333333333335
26,2,2009,2009-09-03,8.0,26.4,15.23638888888889,8.7,12.759861111111109,15.1,0.45,2.4866666666666664
26,2,2009,2009-09-04,5.9,24.4,13.314097222222225,7.2,10.374027777777778,14.1,0.45,2.373333333333333
26,2,2009,2009-09-05,6.833333333333333,26.3,13.110624999999999,4.2,9.330416666666666,13.8,0.43,2.9566666666666666
26,2,2009,2009-09-06,9.166666666666666,35.6,16.641666666666666,5.1,10.019722222222223,17.9,0.43,2.95
26,2,2009,2009-09-07,6.066666666666666,32.9,15.867987152034258,4.9,9.760385438972163,18.2,0.44,2.644
27,2,2009,2009-09-01,0.0,17.7,15.029829545454545,13.7,13.92556818181818,14.9,0.01,0.0003333333333333333
27,2,2009,2009-09-02,8.066666666666666,29.8,15.699097222222225,7.4,13.491666666666667,16.3,0.42,1.9683333333333333
27,2,2009,2009-09-03,6.933333333333334,23.9,13.532916666666667,5.9,12.759027777777778,15.1,0.45,2.486666666666667
27,2,2009,2009-09-04,6.933333333333334,24.6,13.434444444444447,6.6,10.370833333333334,14.1,0.45,2.3733333333333335
27,2,2009,2009-09-05,6.566666666666666,26.3,11.525902777777777,2.7,9.325694444444444,13.8,0.43,2.9566666666666666
27,2,2009,2009-09-06,8.5,33.7,13.076319444444445,-0.8,10.021527777777777,17.9,0.43,2.9500000000000006
27,2,2009,2009-09-07,8.533333333333333,32.2,13.277430555555556,-0.4,10.8,18.2,0.44,3.0083333333333337
27,2,2009,2009-09-08,4.133333333333334,34.6,11.549876237623764,1.2,9.24678217821782,17.8,0.44,1.9110000000000005
28,2,2009,2009-09-02,3.8666666666666667,22.0,14.71609907120743,7.8,13.606191950464396,16.1,0.36,0.716
28,2,2009,2009-09-03,4.933333333333334,20.5,12.353611111111109,6.2,12.759027777777778,15.1,0.45,2.486666666666667
28,2,2009,2009-09-04,2.7,19.8,11.574027777777777,5.9,10.370833333333334,14.1,0.45,2.3733333333333335
28,2,2009,2009-09-05,4.9,22.2,10.723194444444445,3.6,9.325694444444444,13.8,0.43,2.9566666666666666
28,2,2009,2009-09-06,7.833333333333333,30.0,12.0225,-0.4,10.021527777777777,17.9,0.43,2.9500000000000006
28,2,2009,2009-09-07,8.466666666666667,30.2,12.962361111111113,0.1,10.8,18.2,0.44,3.0083333333333337
28,2,2009,2009-09-08,0.26666666666666666,18.6,4.547394136807817,0.9,7.095114006514657,13.6,0.34,0.5776666666666667
29,2,2009,2009-09-03,0.0,16.3,10.519696969696968,8.8,11.612121212121213,12.5,0.0,0.0
29,2,2009,2009-09-04,7.633333333333334,28.5,13.702499999999999,5.3,10.370833333333334,14.1,0.45,2.3733333333333335
29,2,2009,2009-09-05,7.633333333333334,30.9,12.67611111111111,2.7,9.325694444444444,13.8,0.43,2.9566666666666666
29,2,2009,2009-09-06,8.833333333333334,38.7,14.91861111111111,1.1,10.021527777777777,17.9,0.43,2.9500000000000006
29,2,2009,2009-09-07,9.0,40.2,15.739027777777778,0.8,10.8,18.2,0.44,3.0083333333333337
29,2,2009,2009-09-08,9.266666666666667,41.0,16.80916666666667,2.2,11.283333333333333,18.5,0.44,3.02
29,2,2009,2009-09-09,9.2,37.2,16.694097222222222,2.9,11.815277777777778,16.4,0.46,2.5900000000000003
29,2,2009,2009-09-10,9.0,32.6,17.78018207282913,12.4,14.422222222222222,16.1,0.43,1.7233333333333334
30,2,2009,2009-09-04,0.0,13.9,8.298618784530385,5.8,10.613259668508288,13.0,0.01,0.0003333333333333333
30,2,2009,2009-09-05,7.2,30.5,11.895277777777778,1.1,9.325694444444444,13.8,0.43,2.9566666666666666
30,2,2009,2009-09-06,8.166666666666666,36.5,12.774930555555555,-1.0,10.021527777777777,17.9,0.43,2.9500000000000006
30,2,2009,2009-09-07,8.266666666666667,36.4,12.824444444444442,-1.9,10.8,18.2,0.44,3.0083333333333337
30,2,2009,2009-09-08,8.4,38.1,13.927499999999998,-0.3,11.283333333333333,18.5,0.44,3.02
30,2,2009,2009-09-09,7.7,34.3,14.300833333333332,0.4,11.815277777777778,16.4,0.46,2.5900000000000003
30,2,2009,2009-09-10,7.3,29.1,15.628819444444444,10.9,14.422222222222222,16.1,0.43,1.7233333333333334
30,2,2009,2009-09-11,0.6333333333333333,19.0,14.321087533156497,12.6,14.66206896551724,16.3,0.21,0.489
