house_num,week,year,house_group,living_all_comfort_pct,living_all_temp_ok_pct,living_all_rh_ok_pct,living_all_both_ok_pct,living_all_avg_temp,living_all_avg_rh,living_all_n_samples,living_all_hours,living_occ_comfort_pct,living_occ_temp_ok_pct,living_occ_rh_ok_pct,living_occ_both_ok_pct,living_occ_avg_temp,living_occ_avg_rh,living_occ_n_samples,living_occ_hours,bedroom_all_comfort_pct,bedroom_all_temp_ok_pct,bedroom_all_rh_ok_pct,bedroom_all_both_ok_pct,bedroom_all_avg_temp,bedroom_all_avg_rh,bedroom_all_n_samples,bedroom_all_hours,bedroom_occ_comfort_pct,bedroom_occ_temp_ok_pct,bedroom_occ_rh_ok_pct,bedroom_occ_both_ok_pct,bedroom_occ_avg_temp,bedroom_occ_avg_rh,bedroom_occ_n_samples,bedroom_occ_hours
1,1,2008,active,17.06097326408925,46.04731679169071,17.56106943643008,17.06097326408925,18.880112634671892,65.43535749265426,5199,173.3,17.06097326408925,46.04731679169071,17.56106943643008,17.06097326408925,18.880112634671892,65.43535749265426,5199,173.3,0.2500480861704174,34.19888440084632,0.30775149067128293,0.2500480861704174,17.896155729676785,68.70984329089129,5199,173.3,0.2500480861704174,34.19888440084632,0.30775149067128293,0.2500480861704174,17.896155729676785,68.70984329089129,5199,173.3
2,1,2008,active,2.8082323523754567,40.70013464127717,2.827466820542412,2.8082323523754567,17.64280565511748,69.2447232178415,5199,173.3,2.8082323523754567,40.70013464127717,2.827466820542412,2.8082323523754567,17.64280565511748,69.2447232178415,5199,173.3,1.788805539526832,26.081938834391227,2.0388536256972496,1.788805539526832,17.48395297868101,72.5706315999203,5199,173.3,1.788805539526832,26.081938834391227,2.0388536256972496,1.788805539526832,17.48395297868101,72.5706315999203,5199,173.3
3,1,2008,active,25.00480861704174,53.952683208309296,35.179842277361026,25.00480861704174,18.414913501690197,61.392921057864385,5199,173.3,25.00480861704174,53.952683208309296,35.179842277361026,25.00480861704174,18.414913501690197,61.392921057864385,5199,173.3,58.99211386805155,75.09136372379304,64.83939219080592,58.99211386805155,19.113440175194107,59.27812064503285,5199,173.3,58.99211386805155,75.09136372379304,64.83939219080592,58.99211386805155,19.113440175194107,59.27812064503285,5199,173.3
4,1,2008,active,9.848047701481054,48.64396999422966,10.752067705327947,9.848047701481054,17.808354705070034,65.77431446044585,5199,173.3,9.848047701481054,48.64396999422966,10.752067705327947,9.848047701481054,17.808354705070034,65.77431446044585,5199,173.3,0.3846893633391037,17.041738795922292,1.5195229851894596,0.3846893633391037,16.730888138287302,72.9014504271806,5199,173.3,0.3846893633391037,17.041738795922292,1.5195229851894596,0.3846893633391037,16.730888138287302,72.9014504271806,5199,173.3
5,1,2008,control,0.09617234083477592,15.714560492402384,0.09617234083477592,0.09617234083477592,16.19023460410557,74.28870967741935,5199,173.3,0.09617234083477592,15.714560492402384,0.09617234083477592,0.09617234083477592,16.19023460410557,74.28870967741935,5199,173.3,0.0,12.540873244854781,0.0,0.0,15.988193523214985,76.36617245415529,5199,173.3,0.0,12.540873244854781,0.0,0.0,15.988193523214985,76.36617245415529,5199,173.3
6,1,2008,active,8.713214079630697,12.425466435853048,13.117907289863433,8.713214079630697,14.741718813905932,67.85848670756646,5199,173.3,8.713214079630697,12.425466435853048,13.117907289863433,8.713214079630697,14.741718813905932,67.85848670756646,5199,173.3,8.540103866128101,8.559338334295056,15.772263896903253,8.540103866128101,14.895084815041896,66.28673615368895,5199,173.3,8.540103866128101,8.559338334295056,15.772263896903253,8.540103866128101,14.895084815041896,66.28673615368895,5199,173.3
7,1,2008,control,0.0,0.0,0.21157914983650702,0.0,14.355313028764805,70.06080795262267,5199,173.3,0.0,0.0,0.21157914983650702,0.0,14.355313028764805,70.06080795262267,5199,173.3,0.0,0.0,0.0,0.0,14.138278822567456,75.49550286181521,5199,173.3,0.0,0.0,0.0,0.0,14.138278822567456,75.49550286181521,5199,173.3
8,1,2008,active,11.136757068667052,11.983073668013079,13.1756106943643,11.136757068667052,14.96038931514635,66.65814151747655,5199,173.3,11.136757068667052,11.983073668013079,13.1756106943643,11.136757068667052,14.96038931514635,66.65814151747655,5199,173.3,0.0,1.1925370263512214,0.0,0.0,14.46293382561772,72.8861119000284,5199,173.3,0.0,1.1925370263512214,0.0,0.0,14.46293382561772,72.8861119000284,5199,173.3
9,1,2008,active,20.619349874975956,32.85247162915945,29.948066935949218,20.619349874975956,16.657111557788944,62.186532663316584,5199,173.3,20.619349874975956,32.85247162915945,29.948066935949218,20.619349874975956,16.657111557788944,62.186532663316584,5199,173.3,2.0003846893633392,2.8659357568763224,15.137526447393729,2.0003846893633392,14.605397750100442,70.88248292486942,5199,173.3,2.0003846893633392,2.8659357568763224,15.137526447393729,2.0003846893633392,14.605397750100442,70.88248292486942,5199,173.3
10,1,2008,active,9.597999615310638,64.32006155029813,25.27409117137911,9.597999615310638,22.32750173330252,61.111578460827374,5199,173.3,9.597999615310638,64.32006155029813,25.27409117137911,9.597999615310638,22.32750173330252,61.111578460827374,5199,173.3,0.7501442585112521,35.56453164070014,0.7501442585112521,0.7501442585112521,18.03682763401109,73.0938077634011,5199,173.3,0.7501442585112521,35.56453164070014,0.7501442585112521,0.7501442585112521,18.03682763401109,73.0938077634011,5199,173.3
11,1,2008,active,31.179072898634352,53.87574533564147,31.486824389305635,31.179072898634352,18.562093929450366,61.96739130434783,5199,173.3,31.179072898634352,53.87574533564147,31.486824389305635,31.179072898634352,18.562093929450366,61.96739130434783,5199,173.3,13.791113675706868,40.96941719561455,13.791113675706868,13.791113675706868,17.664749692244563,66.36694706606484,5199,173.3,13.791113675706868,40.96941719561455,13.791113675706868,13.791113675706868,17.664749692244563,66.36694706606484,5199,173.3
12,1,2008,control,28.313137141758034,52.72167724562416,28.332371609924984,28.313137141758034,18.733802911534152,63.83919372900336,5199,173.3,28.313137141758034,52.72167724562416,28.332371609924984,28.313137141758034,18.733802911534152,63.83919372900336,5199,173.3,2.096557030198115,30.64050778995961,2.096557030198115,2.096557030198115,17.205235965108475,73.1851934690226,5199,173.3,2.096557030198115,30.64050778995961,2.096557030198115,2.096557030198115,17.205235965108475,73.1851934690226,5199,173.3
13,1,2008,active,13.310251971532988,17.503366031929218,19.503750721292555,13.310251971532988,15.881884297520662,65.7559917355372,5199,173.3,13.310251971532988,17.503366031929218,19.503750721292555,13.310251971532988,15.881884297520662,65.7559917355372,5199,173.3,6.578188113098673,16.77245624158492,7.232160030775149,6.578188113098673,15.981862724829437,69.12383708910481,5199,173.3,6.578188113098673,16.77245624158492,7.232160030775149,6.578188113098673,15.981862724829437,69.12383708910481,5199,173.3
14,1,2008,active,1.2117714945181766,41.123292940950186,1.269474899019042,1.2117714945181766,17.4086043194784,74.53677669111654,5199,173.3,1.2117714945181766,41.123292940950186,1.269474899019042,1.2117714945181766,17.4086043194784,74.53677669111654,5199,173.3,0.0,5.3087132140796305,0.0,0.0,16.004649746192893,77.62944162436548,5199,173.3,0.0,5.3087132140796305,0.0,0.0,16.004649746192893,77.62944162436548,5199,173.3
15,1,2008,active,15.753029428736296,50.60588574725908,17.33025581842662,15.753029428736296,19.27249631811487,64.08786205203731,5199,173.3,15.753029428736296,50.60588574725908,17.33025581842662,15.753029428736296,19.27249631811487,64.08786205203731,5199,173.3,25.216387766878245,55.06828236199269,30.50586651279092,25.216387766878245,19.39324742268041,61.438635247913595,5199,173.3,25.216387766878245,55.06828236199269,30.50586651279092,25.216387766878245,19.39324742268041,61.438635247913595,5199,173.3
16,1,2008,control,12.810155799192152,37.44950952106174,13.1756106943643,12.810155799192152,17.139813045284587,65.55941005400913,5199,173.3,12.810155799192152,37.44950952106174,13.1756106943643,12.810155799192152,17.139813045284587,65.55941005400913,5199,173.3,14.021927293710329,28.120792460088477,16.541642623581456,14.021927293710329,17.07088479071695,66.00310816411107,5199,173.3,14.021927293710329,28.120792460088477,16.541642623581456,14.021927293710329,17.07088479071695,66.00310816411107,5199,173.3
17,1,2008,control,40.488555491440664,54.58742065781881,52.279284477784195,40.488555491440664,18.49870274736625,59.92625490601115,5199,173.3,40.488555491440664,54.58742065781881,52.279284477784195,40.488555491440664,18.49870274736625,59.92625490601115,5199,173.3,58.45354875937681,71.97537988074629,64.68551644547028,58.45354875937681,20.548319934034218,55.61038961038961,5199,173.3,58.45354875937681,71.97537988074629,64.68551644547028,58.45354875937681,20.548319934034218,55.61038961038961,5199,173.3
18,1,2008,active,48.89401808040007,48.89401808040007,95.28755529909598,48.89401808040007,17.86667137666532,50.0940654016956,5199,173.3,48.89401808040007,48.89401808040007,95.28755529909598,48.89401808040007,17.86667137666532,50.0940654016956,5199,173.3,6.809001731102135,32.58318907482208,8.270821311790728,6.809001731102135,17.240008074283406,68.06237383932176,5199,173.3,6.809001731102135,32.58318907482208,8.270821311790728,6.809001731102135,17.240008074283406,68.06237383932176,5199,173.3
19,1,2008,active,3.943065974225813,11.09828813233314,9.213310251971533,3.943065974225813,15.905390543636742,67.55238491980838,5199,173.3,3.943065974225813,11.09828813233314,9.213310251971533,3.943065974225813,15.905390543636742,67.55238491980838,5199,173.3,4.2700519330640505,5.8280438545874205,8.097711098288132,4.2700519330640505,15.960491564257447,66.52197458862737,5199,173.3,4.2700519330640505,5.8280438545874205,8.097711098288132,4.2700519330640505,15.960491564257447,66.52197458862737,5199,173.3
20,1,2008,active,15.464512406231968,40.71936910944412,15.829967301404116,15.464512406231968,17.723199711953914,64.60508881421029,5199,173.3,15.464512406231968,40.71936910944412,15.829967301404116,15.464512406231968,17.723199711953914,64.60508881421029,5199,173.3,32.94864396999423,49.47105212540873,33.10251971532987,32.94864396999423,18.749184304399527,61.12199762187871,5199,173.3,32.94864396999423,49.47105212540873,33.10251971532987,32.94864396999423,18.749184304399527,61.12199762187871,5199,173.3
21,1,2008,control,44.720138488170804,75.3221773417965,49.509521061742646,44.720138488170804,19.459848111658456,59.8113711001642,5199,173.3,44.720138488170804,75.3221773417965,49.509521061742646,44.720138488170804,19.459848111658456,59.8113711001642,5199,173.3,32.60242354298904,70.66743604539334,34.237353337180224,32.60242354298904,19.237191288267926,61.3400452023834,5199,173.3,32.60242354298904,70.66743604539334,34.237353337180224,32.60242354298904,19.237191288267926,61.3400452023834,5199,173.3
22,1,2008,active,11.944604731679169,24.043085208693977,18.21504135410656,11.944604731679169,16.72857230142566,66.61405295315683,5199,173.3,11.944604731679169,24.043085208693977,18.21504135410656,11.944604731679169,16.72857230142566,66.61405295315683,5199,173.3,5.0201961915753035,16.810925177918833,20.657818811309866,5.0201961915753035,16.423569537772348,66.18407656281816,5199,173.3,5.0201961915753035,16.810925177918833,20.657818811309866,5.0201961915753035,16.423569537772348,66.18407656281816,5199,173.3
23,1,2008,control,43.335256780150026,49.02865935756876,68.47470667436045,43.335256780150026,17.785182177805538,54.23131376223194,5199,173.3,43.335256780150026,49.02865935756876,68.47470667436045,43.335256780150026,17.785182177805538,54.23131376223194,5199,173.3,25.735718407386038,29.37103289094057,38.46893633391037,25.735718407386038,16.770201453790236,60.330841121495325,5199,173.3,25.735718407386038,29.37103289094057,38.46893633391037,25.735718407386038,16.770201453790236,60.330841121495325,5199,173.3
24,1,2008,active,63.12752452394691,68.0707828428544,80.7270628967109,63.12752452394691,19.078425692695212,52.43031066330814,5199,173.3,63.12752452394691,68.0707828428544,80.7270628967109,63.12752452394691,19.078425692695212,52.43031066330814,5199,173.3,51.18291979226775,58.068859396037695,74.66820542412003,51.18291979226775,18.644094110115237,54.2663252240717,5199,173.3,51.18291979226775,58.068859396037695,74.66820542412003,51.18291979226775,18.644094110115237,54.2663252240717,5199,173.3
25,1,2008,control,26.12040777072514,34.333525678015,30.332756299288327,26.12040777072514,16.55315387705906,64.93923262354359,5199,173.3,26.12040777072514,34.333525678015,30.332756299288327,26.12040777072514,16.55315387705906,64.93923262354359,5199,173.3,29.140219272937102,37.564916330063475,37.16099249855741,29.140219272937102,17.26929692214846,62.210621605310806,5199,173.3,29.140219272937102,37.564916330063475,37.16099249855741,29.140219272937102,17.26929692214846,62.210621605310806,5199,173.3
26,1,2008,active,27.524523946912865,48.009232544720135,29.64031544527794,27.524523946912865,18.31265628311083,63.58815426997245,5199,173.3,27.524523946912865,48.009232544720135,29.64031544527794,27.524523946912865,18.31265628311083,63.58815426997245,5199,173.3,12.079246008847855,37.334102712060016,12.425466435853048,12.079246008847855,17.620932203389827,69.76938559322033,5199,173.3,12.079246008847855,37.334102712060016,12.425466435853048,12.079246008847855,17.620932203389827,69.76938559322033,5199,173.3
27,1,2008,active,11.906135795345259,34.17964993267936,14.09886516637815,11.906135795345259,17.304283329856037,69.84018360108492,5199,173.3,11.906135795345259,34.17964993267936,14.09886516637815,11.906135795345259,17.304283329856037,69.84018360108492,5199,173.3,3.866128101557992,37.23793037122524,4.423927678399693,3.866128101557992,17.61085457584622,71.29628081905558,5199,173.3,3.866128101557992,37.23793037122524,4.423927678399693,3.866128101557992,17.61085457584622,71.29628081905558,5199,173.3
28,1,2008,control,45.33564146951336,59.857664935564536,55.953067897672625,45.33564146951336,18.60482738212665,58.58058788715723,5199,173.3,45.33564146951336,59.857664935564536,55.953067897672625,45.33564146951336,18.60482738212665,58.58058788715723,5199,173.3,42.315829967301404,71.22523562223505,45.6241584920177,42.315829967301404,19.161575167256984,61.73229043683589,5199,173.3,42.315829967301404,71.22523562223505,45.6241584920177,42.315829967301404,19.161575167256984,61.73229043683589,5199,173.3
29,1,2008,active,30.755914598961336,62.58895941527217,48.009232544720135,30.755914598961336,20.843186080433423,58.72369243592415,5199,173.3,30.755914598961336,62.58895941527217,48.009232544720135,30.755914598961336,20.843186080433423,58.72369243592415,5199,173.3,36.0069244085401,66.41661858049625,51.5868436237738,36.0069244085401,21.026844245204337,58.57704336947456,5199,173.3,36.0069244085401,66.41661858049625,51.5868436237738,36.0069244085401,21.026844245204337,58.57704336947456,5199,173.3
30,1,2008,control,4.481631082900558,45.739565301019425,4.481631082900558,4.481631082900558,17.884607329842932,68.65802094240838,5199,173.3,4.481631082900558,45.739565301019425,4.481631082900558,4.481631082900558,17.884607329842932,68.65802094240838,5199,173.3,9.886516637814964,63.97384112329294,9.905751105981919,9.886516637814964,18.834060346627687,64.45051158905825,5199,173.3,9.886516637814964,63.97384112329294,9.905751105981919,9.886516637814964,18.834060346627687,64.45051158905825,5199,173.3
1,2,2008,active,31.756106943643008,37.81496441623389,49.77880361608001,31.756106943643008,17.42655024509804,60.30065359477124,5199,173.3,31.756106943643008,37.81496441623389,49.77880361608001,31.756106943643008,17.42655024509804,60.30065359477124,5199,173.3,6.558953644931717,21.581073283323715,16.676283900750143,6.558953644931717,16.579125638406534,63.13462717058223,5199,173.3,6.558953644931717,21.581073283323715,16.676283900750143,6.558953644931717,16.579125638406534,63.13462717058223,5199,173.3
2,2,2008,active,31.12136949413349,38.69974995191383,51.3752644739373,31.12136949413349,17.76259567387687,57.28880437366294,5199,173.3,31.12136949413349,38.69974995191383,51.3752644739373,31.12136949413349,17.76259567387687,57.28880437366294,5199,173.3,15.656857087901518,23.562223504520098,36.58395845354876,15.656857087901518,17.140692197906755,59.512369172216935,5199,173.3,15.656857087901518,23.562223504520098,36.58395845354876,15.656857087901518,17.140692197906755,59.512369172216935,5199,173.3
3,2,2008,active,35.372186959030586,36.54548951721485,83.65070205808809,35.372186959030586,17.52875609756098,54.53363821138211,5199,173.3,35.372186959030586,36.54548951721485,83.65070205808809,35.372186959030586,17.52875609756098,54.53363821138211,5199,173.3,60.64627813040969,60.665512598576655,95.8838238122716,60.64627813040969,18.41241958041958,49.66773226773227,5199,173.3,60.64627813040969,60.665512598576655,95.8838238122716,60.64627813040969,18.41241958041958,49.66773226773227,5199,173.3
4,2,2008,active,20.176957107135987,34.39122908251587,44.31621465666474,20.176957107135987,16.60054714314557,59.253785584494246,5199,173.3,20.176957107135987,34.39122908251587,44.31621465666474,20.176957107135987,16.60054714314557,59.253785584494246,5199,173.3,5.789574918253511,11.829197922677439,26.697441815733796,5.789574918253511,15.79994556451613,63.67691532258065,5199,173.3,5.789574918253511,11.829197922677439,26.697441815733796,5.789574918253511,15.79994556451613,63.67691532258065,5199,173.3
5,2,2008,control,0.4616272360069244,18.542027312944796,0.4808617041738796,0.4616272360069244,16.179539591188732,72.46229410597341,5199,173.3,0.4616272360069244,18.542027312944796,0.4808617041738796,0.4616272360069244,16.179539591188732,72.46229410597341,5199,173.3,0.0,15.541450278899788,0.0,0.0,16.107850208044383,75.356746582128,5199,173.3,0.0,15.541450278899788,0.0,0.0,16.107850208044383,75.356746582128,5199,173.3
6,2,2008,active,7.693787266782073,25.35102904404693,14.002692825543372,7.693787266782073,16.041125920031828,67.8579669783171,5199,173.3,7.693787266782073,25.35102904404693,14.002692825543372,7.693787266782073,16.041125920031828,67.8579669783171,5199,173.3,8.809386420465474,21.004039238315062,17.13791113675707,8.809386420465474,16.371444488658973,66.65947075208913,5199,173.3,8.809386420465474,21.004039238315062,17.13791113675707,8.809386420465474,16.371444488658973,66.65947075208913,5199,173.3
7,2,2008,control,0.0,11.213694941334872,0.0,0.0,16.415148672919578,72.40231490720416,5199,173.3,0.0,11.213694941334872,0.0,0.0,16.415148672919578,72.40231490720416,5199,173.3,0.0,2.2696672437007117,0.03846893633391037,0.0,16.162013375923337,78.07706128967858,5199,173.3,0.0,2.2696672437007117,0.03846893633391037,0.0,16.162013375923337,78.07706128967858,5199,173.3
8,2,2008,active,24.139257549528757,35.39142142719754,35.77611079053664,24.139257549528757,17.55601243339254,61.20714920071048,5199,173.3,24.139257549528757,35.39142142719754,35.77611079053664,24.139257549528757,17.55601243339254,61.20714920071048,5199,173.3,0.0,22.023466051163684,0.0,0.0,16.750714285714285,73.5226264418811,5199,173.3,0.0,22.023466051163684,0.0,0.0,16.750714285714285,73.5226264418811,5199,173.3
9,2,2008,active,20.85016349297942,59.10752067705328,26.5243316022312,20.85016349297942,19.013446495930115,63.44490768314473,5199,173.3,20.85016349297942,59.10752067705328,26.5243316022312,20.85016349297942,19.013446495930115,63.44490768314473,5199,173.3,5.231775341411811,29.659549913444895,6.270436622427391,5.231775341411811,17.177003373685256,70.66282992657273,5199,173.3,5.231775341411811,29.659549913444895,6.270436622427391,5.231775341411811,17.177003373685256,70.66282992657273,5199,173.3
10,2,2008,active,68.32083092902481,78.03423735333718,86.92056164647047,68.32083092902481,22.84173879592229,55.98438161184843,5199,173.3,68.32083092902481,78.03423735333718,86.92056164647047,68.32083092902481,22.84173879592229,55.98438161184843,5199,173.3,16.868628582419696,70.66743604539334,19.92690902096557,16.868628582419696,19.218770917484132,64.7826505097134,5199,173.3,16.868628582419696,70.66743604539334,19.92690902096557,16.868628582419696,19.218770917484132,64.7826505097134,5199,173.3
11,2,2008,active,36.9494133487209,52.606270436622424,61.377187920754,36.9494133487209,18.829121848739494,57.647478991596635,5199,173.3,36.9494133487209,52.606270436622424,61.377187920754,36.9494133487209,18.829121848739494,57.647478991596635,5199,173.3,29.46720523177534,44.296980188497784,43.31602231198307,29.46720523177534,17.943050598362376,61.640562670585766,5199,173.3,29.46720523177534,44.296980188497784,43.31602231198307,29.46720523177534,17.943050598362376,61.640562670585766,5199,173.3
12,2,2008,control,10.447485207100591,57.41494082840237,13.609467455621301,10.447485207100591,18.93521446432006,65.44874014233507,5408,180.26666666666668,10.447485207100591,57.41494082840237,13.609467455621301,10.447485207100591,18.93521446432006,65.44874014233507,5408,180.26666666666668,2.7366863905325447,46.54215976331361,3.5318047337278107,2.7366863905325447,17.932940950182726,73.09299865358723,5408,180.26666666666668,2.7366863905325447,46.54215976331361,3.5318047337278107,2.7366863905325447,17.932940950182726,73.09299865358723,5408,180.26666666666668
13,2,2008,active,17.96499326793614,23.25447201384882,46.451240623196774,17.96499326793614,16.292101607461795,62.208970033736854,5199,173.3,17.96499326793614,23.25447201384882,46.451240623196774,17.96499326793614,16.292101607461795,62.208970033736854,5199,173.3,16.060780919407577,27.56299288324678,37.77649547989998,16.060780919407577,16.612002379064236,64.25128865979381,5199,173.3,16.060780919407577,27.56299288324678,37.77649547989998,16.060780919407577,16.612002379064236,64.25128865979381,5199,173.3
14,2,2008,active,7.193691094441239,41.10405847278323,7.270628967109059,7.193691094441239,17.318061224489792,69.9123649459784,5199,173.3,7.193691094441239,41.10405847278323,7.270628967109059,7.193691094441239,17.318061224489792,69.9123649459784,5199,173.3,2.0580880938642045,10.271206001154068,3.750721292556261,2.0580880938642045,16.235332667332667,71.95764235764236,5199,173.3,2.0580880938642045,10.271206001154068,3.750721292556261,2.0580880938642045,16.235332667332667,71.95764235764236,5199,173.3
15,2,2008,active,15.79767884981812,35.16369305387147,25.515329984410183,15.79767884981812,17.10476053087132,64.24332563954606,5773,192.43333333333334,15.79767884981812,35.16369305387147,25.515329984410183,15.79767884981812,17.10476053087132,64.24332563954606,5773,192.43333333333334,24.26814481205612,37.96985969166811,42.17910964836307,24.26814481205612,17.436174264281593,61.452490863627624,5773,192.43333333333334,24.26814481205612,37.96985969166811,42.17910964836307,24.26814481205612,17.436174264281593,61.452490863627624,5773,192.43333333333334
16,2,2008,control,15.964608578572804,42.12348528563185,15.964608578572804,15.964608578572804,17.341725435816166,67.11410459587955,5199,173.3,15.964608578572804,42.12348528563185,15.964608578572804,15.964608578572804,17.341725435816166,67.11410459587955,5199,173.3,13.944989421042509,40.75783804577803,13.944989421042509,13.944989421042509,17.308721252973832,66.73156225218081,5199,173.3,13.944989421042509,40.75783804577803,13.944989421042509,13.944989421042509,17.308721252973832,66.73156225218081,5199,173.3
17,2,2008,control,72.12925562608193,77.26485862665898,82.99673014041163,72.12925562608193,19.216020326823433,57.26315265045835,5199,173.3,72.12925562608193,77.26485862665898,82.99673014041163,72.12925562608193,19.216020326823433,57.26315265045835,5199,173.3,68.41700326985959,87.24754760530871,71.4175803039046,68.41700326985959,20.7843406374502,54.90627490039841,5199,173.3,68.41700326985959,87.24754760530871,71.4175803039046,68.41700326985959,20.7843406374502,54.90627490039841,5199,173.3
18,2,2008,active,57.3379496056934,58.01115599153683,84.20850163492979,57.3379496056934,19.76219490187232,45.16602752086623,5199,173.3,57.3379496056934,58.01115599153683,84.20850163492979,57.3379496056934,19.76219490187232,45.16602752086623,5199,173.3,26.081938834391227,49.95191382958261,33.52567801500289,26.081938834391227,18.76590396753832,62.34456717763751,5199,173.3,26.081938834391227,49.95191382958261,33.52567801500289,26.081938834391227,18.76590396753832,62.34456717763751,5199,173.3
19,2,2008,active,26.370455856895557,46.258895941527214,43.93152529332564,26.370455856895557,17.73002776675922,62.094406981356606,5199,173.3,26.370455856895557,46.258895941527214,43.93152529332564,26.370455856895557,17.73002776675922,62.094406981356606,5199,173.3,37.18022696672437,51.56760915560685,55.933833429505675,37.18022696672437,18.15347489581266,59.834094066282994,5199,173.3,37.18022696672437,51.56760915560685,55.933833429505675,37.18022696672437,18.15347489581266,59.834094066282994,5199,173.3
20,2,2008,active,36.389430750133,59.17715907075723,41.94006029437843,36.389430750133,18.926476245431815,60.73310251971533,5639,187.96666666666667,36.389430750133,59.17715907075723,41.94006029437843,36.389430750133,18.926476245431815,60.73310251971533,5639,187.96666666666667,46.76361056924987,57.70526689129278,66.39475084234793,46.76361056924987,19.978809157368218,55.48653328203155,5639,187.96666666666667,46.76361056924987,57.70526689129278,66.39475084234793,46.76361056924987,19.978809157368218,55.48653328203155,5639,187.96666666666667
21,2,2008,control,50.625120215426044,87.1706097326409,55.145220234660506,50.625120215426044,20.108534052326743,59.5733972438586,5199,173.3,50.625120215426044,87.1706097326409,55.145220234660506,50.625120215426044,20.108534052326743,59.5733972438586,5199,173.3,37.18022696672437,78.36122331217543,45.54722061934988,37.18022696672437,19.68046469884324,61.23234942161947,5199,173.3,37.18022696672437,78.36122331217543,45.54722061934988,37.18022696672437,19.68046469884324,61.23234942161947,5199,173.3
22,2,2008,active,9.809578765147144,26.60126947489902,14.425851125216388,9.809578765147144,16.96844774903239,70.90079445915666,5199,173.3,9.809578765147144,26.60126947489902,14.425851125216388,9.809578765147144,16.96844774903239,70.90079445915666,5199,173.3,6.578188113098673,29.58261204077707,17.041738795922292,6.578188113098673,17.08587624669245,70.59444331365765,5199,173.3,6.578188113098673,29.58261204077707,17.041738795922292,6.578188113098673,17.08587624669245,70.59444331365765,5199,173.3
23,2,2008,control,39.5268320830929,79.47682246585882,46.028082323523755,39.5268320830929,19.470373757455267,59.453976143141155,5199,173.3,39.5268320830929,79.47682246585882,46.028082323523755,39.5268320830929,19.470373757455267,59.453976143141155,5199,173.3,16.964800923254472,58.415079823042895,21.254087324485475,16.964800923254472,18.24147000397298,66.81952721493842,5199,173.3,16.964800923254472,58.415079823042895,21.254087324485475,16.964800923254472,18.24147000397298,66.81952721493842,5199,173.3
24,2,2008,active,56.876322369686484,91.05597230236584,62.39661473360262,56.876322369686484,20.242202581926513,58.0377358490566,5199,173.3,56.876322369686484,91.05597230236584,62.39661473360262,56.876322369686484,20.242202581926513,58.0377358490566,5199,173.3,48.586266589728794,86.36276206962877,54.645124062319674,48.586266589728794,20.291936318407963,58.40417910447761,5199,173.3,48.586266589728794,86.36276206962877,54.645124062319674,48.586266589728794,20.291936318407963,58.40417910447761,5199,173.3
25,2,2008,control,13.406424312367763,40.95018272744759,14.560492402385075,13.406424312367763,17.68257421255382,69.32932245637888,5199,173.3,13.406424312367763,40.95018272744759,14.560492402385075,13.406424312367763,17.68257421255382,69.32932245637888,5199,173.3,8.501634929794191,46.105020196191575,9.98268897864974,8.501634929794191,17.935375650599685,69.48291468658067,5199,173.3,8.501634929794191,46.105020196191575,9.98268897864974,8.501634929794191,17.935375650599685,69.48291468658067,5199,173.3
26,2,2008,active,47.97076360838623,61.74264281592614,77.9380650125024,47.97076360838623,20.19950375072129,56.84929794191191,5199,173.3,47.97076360838623,61.74264281592614,77.9380650125024,47.97076360838623,20.19950375072129,56.84929794191191,5199,173.3,21.3310251971533,54.548951721484904,38.75745335641469,21.3310251971533,19.33545297172533,61.48586266589729,5199,173.3,21.3310251971533,54.548951721484904,38.75745335641469,21.3310251971533,19.33545297172533,61.48586266589729,5199,173.3
27,2,2008,active,31.721141129794066,55.65841677687512,36.34989608917438,31.721141129794066,18.913794960569337,61.32179265243316,5293,176.43333333333334,31.721141129794066,55.65841677687512,36.34989608917438,31.721141129794066,18.913794960569337,61.32179265243316,5293,176.43333333333334,33.837143396939354,64.34914037407897,42.60343850368411,33.837143396939354,19.156497403346798,60.59165224081554,5293,176.43333333333334,33.837143396939354,64.34914037407897,42.60343850368411,33.837143396939354,19.156497403346798,60.59165224081554,5293,176.43333333333334
28,2,2008,control,53.70263512213887,68.10925177918831,61.531063666089636,53.70263512213887,19.152923668758856,57.53654585948573,5199,173.3,53.70263512213887,68.10925177918831,61.531063666089636,53.70263512213887,19.152923668758856,57.53654585948573,5199,173.3,43.70071167532218,77.7264858626659,45.816503173687245,43.70071167532218,19.33332323232323,61.91010101010101,5199,173.3,43.70071167532218,77.7264858626659,45.816503173687245,43.70071167532218,19.33332323232323,61.91010101010101,5199,173.3
29,2,2008,active,59.551208285385506,66.26390487149982,92.71192942079018,59.551208285385506,20.505831890748222,53.08963262165801,5214,173.8,59.551208285385506,66.26390487149982,92.71192942079018,59.551208285385506,20.505831890748222,53.08963262165801,5214,173.8,67.03107019562717,72.9957805907173,93.57499041043344,67.03107019562717,20.709657626466626,52.16156953260242,5214,173.8,67.03107019562717,72.9957805907173,93.57499041043344,67.03107019562717,20.709657626466626,52.16156953260242,5214,173.8
30,2,2008,control,10.367378341988843,41.354106558953646,12.021542604346989,10.367378341988843,17.43958976621085,67.24823555359507,5199,173.3,10.367378341988843,41.354106558953646,12.021542604346989,10.367378341988843,17.43958976621085,67.24823555359507,5199,173.3,21.273321792652432,54.85670321215619,25.90882862088863,21.273321792652432,18.45604902826855,61.8377871024735,5199,173.3,21.273321792652432,54.85670321215619,25.90882862088863,21.273321792652432,18.45604902826855,61.8377871024735,5199,173.3
1,1,2009,active,41.18099634545105,44.643200615502984,82.93902673591074,41.18099634545105,17.472624902419984,54.11904761904762,5199,173.3,41.18099634545105,44.643200615502984,82.93902673591074,41.18099634545105,17.472624902419984,54.11904761904762,5199,173.3,7.597614925947298,16.580111559915366,68.4554722061935,7.597614925947298,16.01178670360111,58.04283735654927,5199,173.3,7.597614925947298,16.580111559915366,68.4554722061935,7.597614925947298,16.01178670360111,58.04283735654927,5199,173.3
2,1,2009,active,36.410848240046164,36.410848240046164,98.65358722831313,36.410848240046164,16.839847923571845,52.09300058490934,5199,173.3,36.410848240046164,36.410848240046164,98.65358722831313,36.410848240046164,16.839847923571845,52.09300058490934,5199,173.3,27.851509905751104,28.1977303327563,88.44008463165993,27.851509905751104,16.866360808709175,53.67029548989114,5199,173.3,27.851509905751104,28.1977303327563,88.44008463165993,27.851509905751104,16.866360808709175,53.67029548989114,5199,173.3
3,1,2009,active,64.24312367763031,64.24312367763031,98.69205616464704,64.24312367763031,19.597000973709836,43.506913339824735,5199,173.3,64.24312367763031,64.24312367763031,98.69205616464704,64.24312367763031,19.597000973709836,43.506913339824735,5199,173.3,61.35795345258703,61.35795345258703,98.48047701481055,61.35795345258703,18.660912109374998,44.63076171875,5199,173.3,61.35795345258703,61.35795345258703,98.48047701481055,61.35795345258703,18.660912109374998,44.63076171875,5199,173.3
4,1,2009,active,41.86267071320182,41.86267071320182,98.57738998482549,41.86267071320182,16.245327947682245,50.32121561838815,5272,175.73333333333332,41.86267071320182,41.86267071320182,98.57738998482549,41.86267071320182,16.245327947682245,50.32121561838815,5272,175.73333333333332,21.585735963581186,22.135811836115327,92.4886191198786,21.585735963581186,15.561709944220045,53.36930178880554,5272,175.73333333333332,21.585735963581186,22.135811836115327,92.4886191198786,21.585735963581186,15.561709944220045,53.36930178880554,5272,175.73333333333332
5,1,2009,control,2.6158876707059053,4.173879592229275,3.7699557607232164,2.6158876707059053,14.914253942579863,66.68200566114032,5199,173.3,2.6158876707059053,4.173879592229275,3.7699557607232164,2.6158876707059053,14.914253942579863,66.68200566114032,5199,173.3,0.0,0.7309097903442969,0.09617234083477592,0.0,13.410146910847255,74.34815858321593,5199,173.3,0.0,0.7309097903442969,0.09617234083477592,0.0,13.410146910847255,74.34815858321593,5199,173.3
6,1,2009,active,7.0975187536064634,10.848240046162722,8.790151952298519,7.0975187536064634,14.034697933227346,72.40629968203497,5199,173.3,7.0975187536064634,10.848240046162722,8.790151952298519,7.0975187536064634,14.034697933227346,72.40629968203497,5199,173.3,9.097903442969802,11.829197922677439,15.175995383727638,9.097903442969802,14.694402852049912,67.70459496930086,5199,173.3,9.097903442969802,11.829197922677439,15.175995383727638,9.097903442969802,14.694402852049912,67.70459496930086,5199,173.3
7,1,2009,control,0.0,2.096557030198115,0.0,0.0,14.746208053691277,72.64271614686143,5199,173.3,0.0,2.096557030198115,0.0,0.0,14.746208053691277,72.64271614686143,5199,173.3,0.0,0.2308136180034622,0.0,0.0,14.501242346434921,77.39561524787675,5199,173.3,0.0,0.2308136180034622,0.0,0.0,14.501242346434921,77.39561524787675,5199,173.3
8,1,2009,active,14.13733410271206,22.908251586843623,37.10328909405655,14.13733410271206,16.62734846989141,62.800394866732475,5199,173.3,14.13733410271206,22.908251586843623,37.10328909405655,14.13733410271206,16.62734846989141,62.800394866732475,5199,173.3,42.43123677630313,44.643200615502984,62.050394306597425,42.43123677630313,18.991641673243887,56.71152328334649,5199,173.3,42.43123677630313,44.643200615502984,62.050394306597425,42.43123677630313,18.991641673243887,56.71152328334649,5199,173.3
9,1,2009,active,11.944604731679169,25.25485670321216,18.638199653779573,11.944604731679169,15.729138877991367,64.78540604158493,5199,173.3,11.944604731679169,25.25485670321216,18.638199653779573,11.944604731679169,15.729138877991367,64.78540604158493,5199,173.3,9.444123869974995,19.234468166955185,12.867859203693019,9.444123869974995,15.120768252104128,67.35721276179291,5199,173.3,9.444123869974995,19.234468166955185,12.867859203693019,9.444123869974995,15.120768252104128,67.35721276179291,5199,173.3
10,1,2009,active,67.1667628390075,71.16753221773418,89.97884208501635,67.1667628390075,20.562193908023094,54.18453115667928,5199,173.3,67.1667628390075,71.16753221773418,89.97884208501635,67.1667628390075,20.562193908023094,54.18453115667928,5199,173.3,14.945181765724177,53.452587035968456,23.67763031352183,14.945181765724177,17.995113095238096,64.38472222222222,5199,173.3,14.945181765724177,53.452587035968456,23.67763031352183,14.945181765724177,17.995113095238096,64.38472222222222,5199,173.3
11,1,2009,active,14.118099634545105,46.27813040969417,26.19734564339296,14.118099634545105,18.048252887788777,62.46493399339934,5199,173.3,14.118099634545105,46.27813040969417,26.19734564339296,14.118099634545105,18.048252887788777,62.46493399339934,5199,173.3,3.731486824389306,23.619926909020965,11.983073668013079,3.731486824389306,16.548880658436214,68.72469135802469,5199,173.3,3.731486824389306,23.619926909020965,11.983073668013079,3.731486824389306,16.548880658436214,68.72469135802469,5199,173.3
12,1,2009,control,16.464704750913636,63.531448355452966,19.773033275629928,16.464704750913636,19.364076662008387,65.03613495707727,5199,173.3,16.464704750913636,63.531448355452966,19.773033275629928,16.464704750913636,19.364076662008387,65.03613495707727,5199,173.3,0.0,42.008078476630125,0.0,0.0,17.530507968127488,82.07390438247012,5199,173.3,0.0,42.008078476630125,0.0,0.0,17.530507968127488,82.07390438247012,5199,173.3
13,1,2009,active,11.09828813233314,12.386997499519138,39.546066551259855,11.09828813233314,15.09395233366435,60.99046673286991,5199,173.3,11.09828813233314,12.386997499519138,39.546066551259855,11.09828813233314,15.09395233366435,60.99046673286991,5199,173.3,21.177149451817655,21.3310251971533,92.09463358338142,21.177149451817655,16.00756489003368,50.365563701208636,5199,173.3,21.177149451817655,21.3310251971533,92.09463358338142,21.177149451817655,16.00756489003368,50.365563701208636,5199,173.3
14,1,2009,active,2.5004808617041743,14.925947297557224,2.5197153298711292,2.5004808617041743,15.807935081412563,69.94554874180588,5199,173.3,2.5004808617041743,14.925947297557224,2.5197153298711292,2.5004808617041743,15.807935081412563,69.94554874180588,5199,173.3,0.0,0.0,0.0,0.0,14.936861128725427,80.81917142253224,5199,173.3,0.0,0.0,0.0,0.0,14.936861128725427,80.81917142253224,5199,173.3
15,1,2009,active,27.601461819580685,39.06520484708598,41.77726485862666,27.601461819580685,17.29698566610455,60.95836846543002,5199,173.3,27.601461819580685,39.06520484708598,41.77726485862666,27.601461819580685,17.29698566610455,60.95836846543002,5199,173.3,4.616272360069244,15.676091556068474,5.366416618580496,4.616272360069244,16.247260869565217,68.92463768115942,5199,173.3,4.616272360069244,15.676091556068474,5.366416618580496,4.616272360069244,16.247260869565217,68.92463768115942,5199,173.3
16,1,2009,control,14.714368147720716,30.659742258126567,17.984227736103097,14.714368147720716,16.463541048466865,66.68783382789317,5199,173.3,14.714368147720716,30.659742258126567,17.984227736103097,14.714368147720716,16.463541048466865,66.68783382789317,5199,173.3,4.827851509905751,11.983073668013079,6.8474706674360455,4.827851509905751,16.188732033864934,73.47863752707225,5199,173.3,4.827851509905751,11.983073668013079,6.8474706674360455,4.827851509905751,16.188732033864934,73.47863752707225,5199,173.3
17,1,2009,control,20.869397961146376,22.715906905174073,69.20561646470476,20.869397961146376,16.871241830065358,59.23430382253912,5199,173.3,20.869397961146376,22.715906905174073,69.20561646470476,20.869397961146376,16.871241830065358,59.23430382253912,5199,173.3,80.28467012887094,81.43873821888825,89.32487016733988,80.28467012887094,20.490201620873687,54.38367266258154,5199,173.3,80.28467012887094,81.43873821888825,89.32487016733988,80.28467012887094,20.490201620873687,54.38367266258154,5199,173.3
18,1,2009,active,19.888440084631657,68.93633391036738,19.888440084631657,19.888440084631657,19.531200079872203,64.02751597444089,5199,173.3,19.888440084631657,68.93633391036738,19.888440084631657,19.888440084631657,19.531200079872203,64.02751597444089,5199,173.3,1.3848817080207732,56.81861896518561,1.3848817080207732,1.3848817080207732,18.318814402227968,75.1484981102049,5199,173.3,1.3848817080207732,56.81861896518561,1.3848817080207732,1.3848817080207732,18.318814402227968,75.1484981102049,5199,173.3
19,1,2009,active,3.4237353337180227,10.732833237160992,9.232544720138488,3.4237353337180227,15.068003579240406,68.83366474448201,5199,173.3,3.4237353337180227,10.732833237160992,9.232544720138488,3.4237353337180227,15.068003579240406,68.83366474448201,5199,173.3,3.058280438545874,4.19311406039623,7.674552798615118,3.058280438545874,15.022573180379748,67.7351661392405,5199,173.3,3.058280438545874,4.19311406039623,7.674552798615118,3.058280438545874,15.022573180379748,67.7351661392405,5199,173.3
20,1,2009,active,8.251586843623773,9.078668974802847,39.680707828428545,8.251586843623773,15.204955044955046,61.50217782217783,5199,173.3,8.251586843623773,9.078668974802847,39.680707828428545,8.251586843623773,15.204955044955046,61.50217782217783,5199,173.3,16.099249855741487,18.04193114060396,27.75533756491633,16.099249855741487,15.470253088880034,63.392686329214825,5199,173.3,16.099249855741487,18.04193114060396,27.75533756491633,16.099249855741487,15.470253088880034,63.392686329214825,5199,173.3
21,1,2009,control,64.24312367763031,64.24312367763031,98.69205616464704,64.24312367763031,19.597409931840314,43.50701071080818,5199,173.3,64.24312367763031,64.24312367763031,98.69205616464704,64.24312367763031,19.597409931840314,43.50701071080818,5199,173.3,61.550298134256586,61.550298134256586,98.6728216964801,61.550298134256586,18.662734892787523,44.62982456140351,5199,173.3,61.550298134256586,61.550298134256586,98.6728216964801,61.550298134256586,18.662734892787523,44.62982456140351,5199,173.3
22,1,2009,active,3.1159838430467395,31.102135025966533,3.1159838430467395,3.1159838430467395,17.20601318944844,72.04836131095124,5199,173.3,3.1159838430467395,31.102135025966533,3.1159838430467395,3.1159838430467395,17.20601318944844,72.04836131095124,5199,173.3,0.36545489517214846,6.597422581265628,0.8847855356799386,0.36545489517214846,16.206665358964297,77.68791683012947,5199,173.3,0.36545489517214846,6.597422581265628,0.8847855356799386,0.36545489517214846,16.206665358964297,77.68791683012947,5199,173.3
23,1,2009,control,48.85554914406617,59.876899403731485,66.72437007116753,48.85554914406617,19.419281951219514,57.44185365853659,5199,173.3,48.85554914406617,59.876899403731485,66.72437007116753,48.85554914406617,19.419281951219514,57.44185365853659,5199,173.3,13.06020388536257,35.46835929986536,14.060396230044239,13.06020388536257,17.430337166244396,68.49356850516469,5199,173.3,13.06020388536257,35.46835929986536,14.060396230044239,13.06020388536257,17.430337166244396,68.49356850516469,5199,173.3
24,1,2009,active,25.851125216387764,72.51394498942105,26.774379688401616,25.851125216387764,19.17875671374577,63.513228565744974,5199,173.3,25.851125216387764,72.51394498942105,26.774379688401616,25.851125216387764,19.17875671374577,63.513228565744974,5199,173.3,26.428159261396424,86.0934795152914,26.428159261396424,26.428159261396424,19.512013090043634,63.05454184847283,5199,173.3,26.428159261396424,86.0934795152914,26.428159261396424,26.428159261396424,19.512013090043634,63.05454184847283,5199,173.3
25,1,2009,control,9.674937487978458,30.10194268128486,10.905943450663589,9.674937487978458,16.04586917740337,66.60614469772051,5199,173.3,9.674937487978458,30.10194268128486,10.905943450663589,9.674937487978458,16.04586917740337,66.60614469772051,5199,173.3,0.0,8.732448547797654,1.2117714945181766,0.0,15.781431112868157,74.63431508203202,5199,173.3,0.0,8.732448547797654,1.2117714945181766,0.0,15.781431112868157,74.63431508203202,5199,173.3
26,1,2009,active,13.406424312367763,60.165416426235815,16.984035391421425,13.406424312367763,19.389155844155844,65.74950806768989,5199,173.3,13.406424312367763,60.165416426235815,16.984035391421425,13.406424312367763,19.389155844155844,65.74950806768989,5199,173.3,3.1929217157145606,50.8174648970956,3.981534910559723,3.1929217157145606,18.43579572213501,71.07986656200941,5199,173.3,3.1929217157145606,50.8174648970956,3.981534910559723,3.1929217157145606,18.43579572213501,71.07986656200941,5199,173.3
27,1,2009,active,1.865743412194653,47.20138488170802,1.865743412194653,1.865743412194653,17.815456186083818,70.88991377581712,5199,173.3,1.865743412194653,47.20138488170802,1.865743412194653,1.865743412194653,17.815456186083818,70.88991377581712,5199,173.3,0.9232544720138488,41.98884400846317,0.9232544720138488,0.9232544720138488,17.871920384076816,70.22924584916983,5199,173.3,0.9232544720138488,41.98884400846317,0.9232544720138488,0.9232544720138488,17.871920384076816,70.22924584916983,5199,173.3
28,1,2009,control,29.83266012694749,64.26235814579726,30.563569917291787,29.83266012694749,18.66985191993464,62.69965277777778,5199,173.3,29.83266012694749,64.26235814579726,30.563569917291787,29.83266012694749,18.66985191993464,62.69965277777778,5199,173.3,7.039815349105598,63.91613771879208,7.059049817272553,7.039815349105598,18.445084401057557,69.36587350010169,5199,173.3,7.039815349105598,63.91613771879208,7.059049817272553,7.039815349105598,18.445084401057557,69.36587350010169,5199,173.3
29,1,2009,active,31.794575879976918,58.49201769571072,44.62396614733603,31.794575879976918,19.551444093243777,60.27587909917029,5199,173.3,31.794575879976918,58.49201769571072,44.62396614733603,31.794575879976918,19.551444093243777,60.27587909917029,5199,173.3,38.77668782458165,65.666474321985,56.78015002885171,38.77668782458165,19.511710059171598,59.325542406311634,5199,173.3,38.77668782458165,65.666474321985,56.78015002885171,38.77668782458165,19.511710059171598,59.325542406311634,5199,173.3
30,1,2009,control,1.6156953260242353,16.926331986920562,7.770725139449894,1.6156953260242353,15.82963257199603,68.43705064548163,5199,173.3,1.6156953260242353,16.926331986920562,7.770725139449894,1.6156953260242353,15.82963257199603,68.43705064548163,5199,173.3,0.36545489517214846,19.792267743796884,2.0388536256972496,0.36545489517214846,16.487151047844996,72.4670818505338,5199,173.3,0.36545489517214846,19.792267743796884,2.0388536256972496,0.36545489517214846,16.487151047844996,72.4670818505338,5199,173.3
1,2,2009,active,17.48413156376226,26.178111175226004,39.29601846508944,17.48413156376226,17.30009746992949,63.06387391124015,5199,173.3,17.48413156376226,26.178111175226004,39.29601846508944,17.48413156376226,17.30009746992949,63.06387391124015,5199,173.3,4.058472783227543,11.617618772840931,36.23773802654357,4.058472783227543,16.246743005181347,64.47419689119171,5199,173.3,4.058472783227543,11.617618772840931,36.23773802654357,4.058472783227543,16.246743005181347,64.47419689119171,5199,173.3
2,2,2009,active,12.252356222350452,28.082323523754564,37.8534333525678,12.252356222350452,17.196413341777497,61.9450073886426,5199,173.3,12.252356222350452,28.082323523754564,37.8534333525678,12.252356222350452,17.196413341777497,61.9450073886426,5199,173.3,4.15464512406232,9.42488940180804,33.25639546066551,4.15464512406232,16.64493893451253,67.89660981259212,5199,173.3,4.15464512406232,9.42488940180804,33.25639546066551,4.15464512406232,16.64493893451253,67.89660981259212,5199,173.3
3,2,2009,active,77.36103096749375,77.3802654356607,90.92133102519715,77.36103096749375,20.430691039729503,51.455621301775146,5199,173.3,77.36103096749375,77.3802654356607,90.92133102519715,77.36103096749375,20.430691039729503,51.455621301775146,5199,173.3,87.07443739180611,87.07443739180611,87.18984420080784,87.07443739180611,20.87165012133245,48.547650562541364,5199,173.3,87.07443739180611,87.07443739180611,87.18984420080784,87.07443739180611,20.87165012133245,48.547650562541364,5199,173.3
4,2,2009,active,11.521446432006154,40.046162723600695,23.619926909020965,11.521446432006154,17.611607986260196,64.44890510948905,5199,173.3,11.521446432006154,40.046162723600695,23.619926909020965,11.521446432006154,17.611607986260196,64.44890510948905,5199,173.3,4.577803423735334,24.850932871706096,16.483939219080593,4.577803423735334,17.031277372262775,66.44267926148562,5199,173.3,4.577803423735334,24.850932871706096,16.483939219080593,4.577803423735334,17.031277372262775,66.44267926148562,5199,173.3
5,2,2009,control,0.019234468166955183,6.058857472590883,0.019234468166955183,0.019234468166955183,15.739756545705097,72.01645613229215,5199,173.3,0.019234468166955183,6.058857472590883,0.019234468166955183,0.019234468166955183,15.739756545705097,72.01645613229215,5199,173.3,0.0,10.502019619157531,0.0,0.0,15.659722349701696,77.37333639284076,5199,173.3,0.0,10.502019619157531,0.0,0.0,15.659722349701696,77.37333639284076,5199,173.3
6,2,2009,active,6.674360453933449,7.539911521446433,15.983843046739757,6.674360453933449,12.926500622665005,69.42320464923205,5199,173.3,6.674360453933449,7.539911521446433,15.983843046739757,6.674360453933449,12.926500622665005,69.42320464923205,5199,173.3,5.924216195422197,6.058857472590883,17.349490286593575,5.924216195422197,13.039649927068139,67.53802875599084,5199,173.3,5.924216195422197,6.058857472590883,17.349490286593575,5.924216195422197,13.039649927068139,67.53802875599084,5199,173.3
7,2,2009,control,0.0,0.0,4.039238315060588,0.0,12.929382486575795,71.7919248244527,5199,173.3,0.0,0.0,4.039238315060588,0.0,12.929382486575795,71.7919248244527,5199,173.3,0.0,0.0,2.8659357568763224,0.0,12.706161157024793,75.85805785123966,5199,173.3,0.0,0.0,2.8659357568763224,0.0,12.706161157024793,75.85805785123966,5199,173.3
8,2,2009,active,2.1157914983650703,4.520100019234468,36.045393344874014,2.1157914983650703,14.693161222339306,61.961011591148576,5199,173.3,2.1157914983650703,4.520100019234468,36.045393344874014,2.1157914983650703,14.693161222339306,61.961011591148576,5199,173.3,40.2577418734372,40.507789959607614,67.74379688401616,40.2577418734372,18.078740257004423,52.16378765536128,5199,173.3,40.2577418734372,40.507789959607614,67.74379688401616,40.2577418734372,18.078740257004423,52.16378765536128,5199,173.3
9,2,2009,active,6.174264281592614,9.078668974802847,33.46797461050202,6.174264281592614,13.541436348408713,64.36599664991624,5199,173.3,6.174264281592614,9.078668974802847,33.46797461050202,6.174264281592614,13.541436348408713,64.36599664991624,5199,173.3,6.135795345258703,8.366993652625505,32.4870167339873,6.135795345258703,13.39507637581084,64.46641556811048,5199,173.3,6.135795345258703,8.366993652625505,32.4870167339873,6.135795345258703,13.39507637581084,64.46641556811048,5199,173.3
10,2,2009,active,62.665897287939984,62.68513175610695,91.15214464320061,62.665897287939984,20.613881856540083,53.11818565400845,5199,173.3,62.665897287939984,62.68513175610695,91.15214464320061,62.665897287939984,20.613881856540083,53.11818565400845,5199,173.3,16.6955183689171,50.24043085208694,27.601461819580685,16.6955183689171,18.15285505430242,62.30680868838763,5199,173.3,16.6955183689171,50.24043085208694,27.601461819580685,16.6955183689171,18.15285505430242,62.30680868838763,5199,173.3
11,2,2009,active,22.96595499134449,48.89401808040007,48.85554914406617,22.96595499134449,17.64377795688092,59.33568406205924,5199,173.3,22.96595499134449,48.89401808040007,48.85554914406617,22.96595499134449,17.64377795688092,59.33568406205924,5199,173.3,6.693594922100404,27.928447778418924,18.29197922677438,6.693594922100404,16.062104944500508,65.62068617558022,5199,173.3,6.693594922100404,27.928447778418924,18.29197922677438,6.693594922100404,16.062104944500508,65.62068617558022,5199,173.3
12,2,2009,control,23.29294095018273,44.3354491248317,39.06520484708598,23.29294095018273,18.236483493522773,61.496656916005016,5199,173.3,23.29294095018273,44.3354491248317,39.06520484708598,23.29294095018273,18.236483493522773,61.496656916005016,5199,173.3,0.0,27.370648201577225,0.0,0.0,16.18955851510067,78.89775587248322,5199,173.3,0.0,27.370648201577225,0.0,0.0,16.18955851510067,78.89775587248322,5199,173.3
13,2,2009,active,5.520292363916138,6.058857472590883,65.01250240430852,5.520292363916138,12.80298588039867,56.557412790697676,5199,173.3,5.520292363916138,6.058857472590883,65.01250240430852,5.520292363916138,12.80298588039867,56.557412790697676,5199,173.3,3.019811502211964,3.019811502211964,82.13117907289863,3.019811502211964,12.940236064891849,49.161917637271216,5199,173.3,3.019811502211964,3.019811502211964,82.13117907289863,3.019811502211964,12.940236064891849,49.161917637271216,5199,173.3
14,2,2009,active,10.309674937487978,17.157145604924022,20.350067320638583,10.309674937487978,15.802691984892993,62.89162819974822,5199,173.3,10.309674937487978,17.157145604924022,20.350067320638583,10.309674937487978,15.802691984892993,62.89162819974822,5199,173.3,0.0,0.0,2.827466820542412,0.0,14.859783693843593,71.58194675540766,5199,173.3,0.0,0.0,2.827466820542412,0.0,14.859783693843593,71.58194675540766,5199,173.3
15,2,2009,active,34.42969801884978,36.7378341988844,78.4958645893441,34.42969801884978,16.066221868153754,55.42218681537542,5199,173.3,34.42969801884978,36.7378341988844,78.4958645893441,34.42969801884978,16.066221868153754,55.42218681537542,5199,173.3,9.597999615310638,18.599730717445663,38.27659165224082,9.597999615310638,15.0877086645469,62.20657790143084,5199,173.3,9.597999615310638,18.599730717445663,38.27659165224082,9.597999615310638,15.0877086645469,62.20657790143084,5199,173.3
16,2,2009,control,28.293902673591077,29.486439699942295,50.163492979419125,28.293902673591077,16.367138680033417,59.57581453634085,5199,173.3,28.293902673591077,29.486439699942295,50.163492979419125,28.293902673591077,16.367138680033417,59.57581453634085,5199,173.3,7.462973648778612,9.559530678976726,33.89113291017503,7.462973648778612,15.793610300250208,62.529295246038366,5199,173.3,7.462973648778612,9.559530678976726,33.89113291017503,7.462973648778612,15.793610300250208,62.529295246038366,5199,173.3
17,2,2009,control,14.675899211386806,14.77207155222158,68.243893056357,14.675899211386806,15.375511827506802,57.90893866443375,5199,173.3,14.675899211386806,14.77207155222158,68.243893056357,14.675899211386806,15.375511827506802,57.90893866443375,5199,173.3,67.66685901134834,68.68628582419696,87.9399884593191,67.66685901134834,19.563767812238055,51.99601844090528,5199,173.3,67.66685901134834,68.68628582419696,87.9399884593191,67.66685901134834,19.563767812238055,51.99601844090528,5199,173.3
18,2,2009,active,40.10386612810156,66.57049432583189,43.58530486632045,40.10386612810156,19.499705076890667,59.57644828312619,5199,173.3,40.10386612810156,66.57049432583189,43.58530486632045,40.10386612810156,19.499705076890667,59.57644828312619,5199,173.3,11.809963454510482,41.41180996345451,12.079246008847855,11.809963454510482,18.07872290692733,69.09689757756055,5199,173.3,11.809963454510482,41.41180996345451,12.079246008847855,11.809963454510482,18.07872290692733,69.09689757756055,5199,173.3
19,2,2009,active,5.347182150413541,12.0600115406809,19.753798807462974,5.347182150413541,15.377876383378577,64.77594487366882,5199,173.3,5.347182150413541,12.0600115406809,19.753798807462974,5.347182150413541,15.377876383378577,64.77594487366882,5199,173.3,4.731679169070975,9.540296210809771,25.235622235045202,4.731679169070975,15.517829635830893,63.41973629133528,5199,173.3,4.731679169070975,9.540296210809771,25.235622235045202,4.731679169070975,15.517829635830893,63.41973629133528,5199,173.3
20,2,2009,active,2.827466820542412,5.404885554914406,57.28024620119254,2.827466820542412,15.600955149501663,59.44206810631229,5199,173.3,2.827466820542412,5.404885554914406,57.28024620119254,2.827466820542412,15.600955149501663,59.44206810631229,5199,173.3,14.406616657049431,20.734756683977686,39.238315060588576,14.406616657049431,16.26028967515001,61.42944340989034,5199,173.3,14.406616657049431,20.734756683977686,39.238315060588576,14.406616657049431,16.26028967515001,61.42944340989034,5199,173.3
21,2,2009,control,77.3417964993268,77.36103096749375,90.9020965570302,77.3417964993268,20.430739801310505,51.45571760727119,5199,173.3,77.3417964993268,77.36103096749375,90.9020965570302,77.3417964993268,20.430739801310505,51.45571760727119,5199,173.3,87.05520292363916,87.05520292363916,87.1706097326409,87.05520292363916,20.871732127096205,48.54843336275375,5199,173.3,87.05520292363916,87.05520292363916,87.1706097326409,87.05520292363916,20.871732127096205,48.54843336275375,5199,173.3
22,2,2009,active,8.136180034622043,23.619926909020965,8.270821311790728,8.136180034622043,16.69591994970662,70.1066638725901,5199,173.3,8.136180034622043,23.619926909020965,8.270821311790728,8.136180034622043,16.69591994970662,70.1066638725901,5199,173.3,3.577611079053664,8.790151952298519,3.577611079053664,3.577611079053664,15.9811127348643,72.77609603340292,5199,173.3,3.577611079053664,8.790151952298519,3.577611079053664,3.577611079053664,15.9811127348643,72.77609603340292,5199,173.3
23,2,2009,control,32.756299288324676,41.065589536449316,43.4314291209848,32.756299288324676,17.893603737523893,59.82671480144404,5199,173.3,32.756299288324676,41.065589536449316,43.4314291209848,32.756299288324676,17.893603737523893,59.82671480144404,5199,173.3,10.675129832660128,19.830736680130794,12.694748990190421,10.675129832660128,16.594120025537347,67.37667588848691,5199,173.3,10.675129832660128,19.830736680130794,12.694748990190421,10.675129832660128,16.594120025537347,67.37667588848691,5199,173.3
24,2,2009,active,34.21811886901327,76.36083862281208,43.912290825158685,34.21811886901327,19.298426236378877,61.28688181056161,5199,173.3,34.21811886901327,76.36083862281208,43.912290825158685,34.21811886901327,19.298426236378877,61.28688181056161,5199,173.3,38.91132910175033,80.05385651086748,46.64358530486632,38.91132910175033,19.91208228905597,60.271512113617376,5199,173.3,38.91132910175033,80.05385651086748,46.64358530486632,38.91132910175033,19.91208228905597,60.271512113617376,5199,173.3
25,2,2009,control,15.29140219272937,22.908251586843623,26.331986920561647,15.29140219272937,15.527152056501867,62.49584545076859,5199,173.3,15.29140219272937,22.908251586843623,26.331986920561647,15.29140219272937,15.527152056501867,62.49584545076859,5199,173.3,0.9617234083477592,8.001538757453357,1.0194268128486248,0.9617234083477592,15.164748021657642,70.66118284048314,5199,173.3,0.9617234083477592,8.001538757453357,1.0194268128486248,0.9617234083477592,15.164748021657642,70.66118284048314,5199,173.3
26,2,2009,active,29.063281400269283,41.70032698595884,61.050201961915754,29.063281400269283,17.606941414141414,57.87171717171717,5199,173.3,29.063281400269283,41.70032698595884,61.050201961915754,29.063281400269283,17.606941414141414,57.87171717171717,5199,173.3,14.598961338718986,27.582227351413735,25.42796691671475,14.598961338718986,16.444927696324562,64.87427194215707,5199,173.3,14.598961338718986,27.582227351413735,25.42796691671475,14.598961338718986,16.444927696324562,64.87427194215707,5199,173.3
27,2,2009,active,17.96499326793614,23.023658395845356,26.985958838238123,17.96499326793614,14.843832688784856,63.840219824954204,5199,173.3,17.96499326793614,23.023658395845356,26.985958838238123,17.96499326793614,14.843832688784856,63.840219824954204,5199,173.3,10.752067705327947,18.157337949605694,29.890363531448354,10.752067705327947,14.898274291497973,63.202125506072875,5199,173.3,10.752067705327947,18.157337949605694,29.890363531448354,10.752067705327947,14.898274291497973,63.202125506072875,5199,173.3
28,2,2009,control,21.7157145604924,21.869590305828044,73.18715137526446,21.7157145604924,15.929436222692036,54.47639182522904,5199,173.3,21.7157145604924,21.869590305828044,73.18715137526446,21.7157145604924,15.929436222692036,54.47639182522904,5199,173.3,10.752067705327947,10.752067705327947,46.04731679169071,10.752067705327947,15.996292717416923,58.89959934008956,5199,173.3,10.752067705327947,10.752067705327947,46.04731679169071,10.752067705327947,15.996292717416923,58.89959934008956,5199,173.3
29,2,2009,active,38.27968721585743,40.080014548099655,89.87088561556646,38.27968721585743,18.225853048663204,50.88478553567994,5499,183.3,38.27968721585743,40.080014548099655,89.87088561556646,38.27968721585743,18.225853048663204,50.88478553567994,5499,183.3,41.60756501182033,41.971267503182396,91.12565921076559,41.60756501182033,18.382890940565492,49.878919022889015,5499,183.3,41.60756501182033,41.971267503182396,91.12565921076559,41.60756501182033,18.382890940565492,49.878919022889015,5499,183.3
30,2,2009,control,9.790344296980189,10.001923446816697,33.2179265243316,9.790344296980189,14.566918985270048,61.162602291325705,5199,173.3,9.790344296980189,10.001923446816697,33.2179265243316,9.790344296980189,14.566918985270048,61.162602291325705,5199,173.3,6.597422581265628,8.270821311790728,11.944604731679169,6.597422581265628,15.21030395756834,65.35587515299878,5199,173.3,6.597422581265628,8.270821311790728,11.944604731679169,6.597422581265628,15.21030395756834,65.35587515299878,5199,173.3
