house_num,house_group,year,week,location,hourly_range,coldest_hour,warmest_hour,day_mean,night_mean,day_night_diff,night_pct_below_12,day_pct_in_who
1,active,2008,1,living,5.307333333333332,7.0,21.0,18.049295774647888,19.322965465465465,-1.2736696908175773,0.0,42.74647887323943
2,active,2008,1,living,4.146904761904764,6.0,19.0,18.08965140478668,17.36576129032258,0.7238901144640977,0.0,50.415368639667705
3,active,2008,1,living,4.2422857142857175,7.0,14.0,19.172414330218068,17.912849180327868,1.2595651498902,0.0,66.14745586708204
4,active,2008,1,living,4.512809523809523,7.0,15.0,18.19436804853387,17.601084019769356,0.5932840287645149,0.0,56.26895854398383
5,control,2008,1,living,4.389467787114844,7.0,14.0,16.825853889943073,15.742279534109818,1.083574355833255,0.0,30.64516129032258
6,active,2008,1,living,6.922388888888891,6.0,14.0,15.897064075630253,14.006790102389077,1.8902739732411753,22.55972696245734,27.468487394957986
7,control,2008,1,living,3.5120297619047616,7.0,16.0,14.713619361936194,14.131463917525773,0.5821554444104216,5.257731958762887,0.0
8,active,2008,1,living,6.904400000000001,8.0,21.0,13.973225352112676,15.629990361445781,-1.656765009333105,0.48192771084337355,10.140845070422536
9,active,2008,1,living,6.343999999999998,6.0,19.0,17.50145153433999,16.05683848797251,1.4446130463674791,0.5154639175257731,46.93281402142161
10,active,2008,1,living,4.570555555555558,3.0,15.0,23.622306442880348,21.363185483870968,2.2591209590093797,0.0,52.13860314022739
11,active,2008,1,living,6.230428571428572,7.0,17.0,19.284599033816427,18.029633752244166,1.254965281572261,0.0,71.54589371980677
12,control,2008,1,living,6.656047619047619,6.0,18.0,19.31944972486243,18.249857723577236,1.0695920012851943,0.0,73.98699349674838
13,active,2008,1,living,5.125714285714286,7.0,15.0,16.2340573372206,15.6138880866426,0.6201692505780017,3.032490974729242,31.82701652089407
14,active,2008,1,living,6.103075933075932,6.0,15.0,18.342900656044986,16.68413043478261,1.658770221262376,0.0,60.96532333645735
15,active,2008,1,living,6.669026217228463,7.0,15.0,19.47832454598711,19.128224101479915,0.3501004445071949,0.0,62.331575864089054
16,control,2008,1,living,5.243103174603176,6.0,14.0,17.773957647058822,16.639556797020482,1.1344008500383396,0.0,55.34117647058824
17,control,2008,1,living,4.200666666666663,7.0,16.0,19.019007881316643,18.07930223880597,0.939705642510674,0.0,72.09086694483078
18,active,2008,1,living,6.501311475409837,6.0,16.0,18.55711842105263,17.27526966292135,1.2818487581312787,0.0,64.91228070175438
19,active,2008,1,living,4.63833464877664,6.0,16.0,16.33991592713685,15.555646616541354,0.7842693105954961,0.0,19.290051377860813
20,active,2008,1,living,5.232888888888887,6.0,16.0,18.083359914938864,17.426717724288842,0.6566421906500217,0.0,58.001063264221166
21,control,2008,1,living,3.3934285714285686,6.0,19.0,19.562497777777775,19.349197363319117,0.21330041445865788,0.0,83.46666666666667
22,active,2008,1,living,5.682714285714287,6.0,19.0,16.94968456947997,16.526259750390015,0.42342481908995566,0.0,25.53282182438193
23,control,2008,1,living,6.0888351648351655,6.0,16.0,18.57382798573975,17.101767955801108,1.4720600299386426,0.0,67.33511586452762
24,active,2008,1,living,3.7380952380952372,6.0,21.0,19.16561427909133,18.988952155001975,0.17666212408935422,0.0,82.93926750115902
25,control,2008,1,living,8.102045944005743,7.0,14.0,17.9013256006628,15.154952456418384,2.7463731442444175,7.9452054794520555,63.25600662800331
26,active,2008,1,living,5.9399999999999995,6.0,17.0,17.97801089918256,17.54509722222222,0.43291367696033944,0.0,58.31062670299727
27,active,2008,1,living,7.908547619047619,7.0,16.0,18.003333333333334,16.63598767967146,1.367345653661875,0.41067761806981523,51.36402387041773
28,control,2008,1,living,4.934952380952378,6.0,16.0,18.86375899962107,18.314148453608247,0.549610546012822,0.0,66.61614247821144
29,active,2008,1,living,6.421612903225807,8.0,15.0,20.91536543422184,20.785571428571433,0.12979400565040677,0.0,62.16680997420464
30,control,2008,1,living,5.499404761904762,7.0,16.0,17.99570097416349,17.779439834024895,0.2162611401385952,0.0,53.748411689961884
1,active,2008,1,bedroom,1.72138383838384,9.0,23.0,17.692007042253522,18.004973723723722,-0.31296668147020057,0.0,36.901408450704224
2,active,2008,1,bedroom,3.272904761904762,7.0,16.0,17.921130797290257,17.21332580645161,0.7078049908386461,0.0,39.40809968847352
3,active,2008,1,bedroom,2.470333333333329,9.0,2.0,19.07894080996885,19.127813114754098,-0.048872304785248843,0.0,73.15680166147456
4,active,2008,1,bedroom,3.475904761904763,8.0,16.0,16.805884732052576,16.692955518945634,0.11292921310694126,0.0,23.96359959555106
5,control,2008,1,bedroom,3.750168067226893,7.0,14.0,16.25345825426945,15.789723793677203,0.46373446059224754,0.0,17.552182163187855
6,active,2008,1,bedroom,5.566200828157349,7.0,15.0,15.748230042016806,14.358061433447098,1.3901686085697076,2.4232081911262795,23.3718487394958
7,control,2008,1,bedroom,2.0698571428571437,7.0,14.0,14.379127346524609,13.98274914089347,0.3963782056311391,3.0927835051546393,0.0
8,active,2008,1,bedroom,3.6468000000000007,10.0,22.0,13.71601408450704,14.965421686746987,-1.2494076022399465,0.0,0.0
9,active,2008,1,bedroom,4.268857142857142,7.0,14.0,15.43541382667965,14.009243986254296,1.426169840425354,3.470790378006873,7.254138266796495
10,active,2008,1,bedroom,3.993777777777778,5.0,19.0,18.700108283703297,17.542334677419355,1.1577736062839428,0.0,53.05901461829995
11,active,2008,1,bedroom,5.144095238095238,6.0,16.0,18.065811594202895,17.366197486535007,0.6996141076678875,0.0,48.84057971014493
12,control,2008,1,bedroom,4.519021164021163,6.0,15.0,17.724512256128065,16.769971544715446,0.9545407114126192,0.0,53.77688844422212
13,active,2008,1,bedroom,4.254190476190475,7.0,17.0,16.07379980563654,15.910220216606497,0.16357958903004288,1.48014440433213,24.635568513119534
14,active,2008,1,bedroom,2.4116666666666635,6.0,14.0,16.304484536082477,15.76268115942029,0.5418033766621875,0.0,8.762886597938143
15,active,2008,1,bedroom,5.514268913857677,7.0,15.0,19.577562975981255,19.264054968287525,0.31350800769373066,0.0,68.42413591095489
16,control,2008,1,bedroom,4.109158730158729,6.0,14.0,17.894752941176474,16.419314711359405,1.475438229817069,0.0,52.51764705882353
17,control,2008,1,bedroom,6.528952380952379,6.0,20.0,21.295363931386184,19.94780223880597,1.3475616925802143,0.0,93.69494668521095
18,active,2008,1,bedroom,5.11752380952381,7.0,17.0,17.23047807017544,17.247307116104867,-0.01682904592942691,0.0,34.29824561403509
19,active,2008,1,bedroom,4.139650793650796,7.0,15.0,16.019481550677252,15.913011278195489,0.10647027248176322,0.0,12.143858010275572
20,active,2008,1,bedroom,6.532777777777778,6.0,16.0,19.79595427963849,17.8307352297593,1.9652190498791917,0.0,77.67145135566189
21,control,2008,1,bedroom,3.48652380952381,6.0,18.0,18.915653333333335,19.547072508724312,-0.6314191753909775,0.0,70.93333333333334
22,active,2008,1,bedroom,3.49045238095238,6.0,20.0,16.400782182438192,16.44497464898596,-0.04419246654776643,0.0,14.492753623188406
23,control,2008,1,bedroom,7.29326984126984,7.0,15.0,17.7045320855615,15.963677979479087,1.7408541060824128,3.0019493177387915,52.71836007130125
24,active,2008,1,bedroom,2.9239444444444445,6.0,16.0,18.591212331942515,18.689197311190192,-0.09798497924767702,0.0,63.745943439962915
25,control,2008,1,bedroom,5.165256042115338,7.0,14.0,18.024923363711682,16.475043581616482,1.5498797820952,0.0,64.87158243579123
26,active,2008,1,bedroom,4.985333333333335,6.0,17.0,17.566185286103543,17.04472222222222,0.521463063881324,0.0,43.596730245231605
27,active,2008,1,bedroom,6.342740688354551,7.0,17.0,17.926462063086102,17.308036960985625,0.6184251021004776,0.0,48.80647911338448
28,control,2008,1,bedroom,3.3283333333333367,7.0,15.0,19.39633194391815,18.884744329896908,0.5115876140212414,0.0,80.44713906782872
29,active,2008,1,bedroom,6.422670250896054,8.0,16.0,20.875861994840932,21.180983673469388,-0.3051216786284563,0.0,63.67153912295787
30,control,2008,1,bedroom,4.520039682539679,7.0,17.0,18.81647183396866,18.870280082987552,-0.053808249018892695,0.0,66.2007623888183
1,active,2008,2,living,6.293428571428571,7.0,21.0,16.572475143903716,17.97332998324958,-1.4008548393458646,1.6415410385259632,22.71062271062271
2,active,2008,2,living,6.676192035966604,6.0,15.0,18.741938902743144,17.147723735408558,1.5942151673345855,2.4124513618677046,63.279301745635905
3,active,2008,2,living,1.6714102564102546,12.0,13.0,,,,,
4,active,2008,2,living,6.379904761904761,5.0,15.0,17.535912596401026,15.996274247491636,1.5396383489093903,6.254180602006689,47.50762970498474
5,control,2008,2,living,4.563333333333334,7.0,21.0,16.486933461909356,15.96451939291737,0.522414068991985,3.912310286677909,26.18129218900675
6,active,2008,2,living,2.497777777777779,10.0,13.0,,,,,
7,control,2008,2,living,2.9917142857142878,7.0,16.0,16.49526836158192,16.357282495667242,0.1379858659146791,0.0,13.74764595103578
8,active,2008,2,living,6.499333333333334,2.0,20.0,16.44083333333333,17.524135338345864,-1.0833020050125342,0.0,0.0
9,active,2008,2,living,6.435666666666666,6.0,13.0,20.168039585296892,18.17721951219512,1.990820073101773,0.0,82.3751178133836
10,active,2008,2,living,0.5742914979757145,15.0,17.0,,,,,
11,active,2008,2,living,7.070428571428572,6.0,16.0,19.7208570029383,18.159172185430464,1.5616848175078353,0.0,70.47012732615083
12,control,2008,2,living,6.471285714285711,6.0,15.0,19.96141176470588,18.124221763085398,1.8371900016204812,0.42650918635170604,73.38983050847457
13,active,2008,2,living,6.8619999999999965,7.0,16.0,17.131443116423196,15.593224043715848,1.5382190727073475,5.865209471766849,37.43362831858407
14,active,2008,2,living,5.796619047619046,6.0,15.0,18.431350496838302,16.409708561020036,2.0216419358182662,0.0,62.737127371273715
15,active,2008,2,living,6.751190476190477,5.0,16.0,17.77070089649552,16.509417122040073,1.2612837744554461,5.032051282051282,46.28722201281568
16,control,2008,2,living,6.654142857142858,6.0,14.0,18.467751905165116,16.31173156899811,2.156020336167007,0.0,66.00338696020322
17,control,2008,2,living,3.912761904761904,6.0,15.0,19.7278763666947,18.754962121212124,0.9729142454825777,0.0,86.37510513036165
18,active,2008,2,living,6.926833333333331,6.0,14.0,20.652029934518243,18.898,1.7540299345182433,0.0,70.01870907390084
19,active,2008,2,living,6.169714285714287,6.0,16.0,18.749811557788945,16.80238783269962,1.947423725089326,0.494296577946768,67.92294807370183
20,active,2008,2,living,6.170148809523809,6.0,16.0,19.814412811387896,18.085430711610485,1.7289820997774115,0.0,76.85325264750378
21,control,2008,2,living,2.4512380952380965,6.0,20.0,20.144193680755023,20.06842661448141,0.07576706627361318,0.0,93.76282314320886
22,active,2008,2,living,4.097904761904763,6.0,19.0,17.068053633217993,16.89486213592233,0.17319149729566163,0.0,32.52595155709342
23,control,2008,2,living,3.5380000000000003,6.0,16.0,19.911336330200246,19.05928793774319,0.852048392457057,0.0,86.80016346546792
24,active,2008,2,living,2.9555714285714316,6.0,20.0,20.379619631901843,20.126820673453405,0.25279895844843736,0.0,94.02862985685073
25,control,2008,2,living,4.700189701897017,6.0,16.0,18.281776765375856,17.087880163413526,1.1938966019623294,1.3163867453472538,59.68109339407744
26,active,2008,2,living,1.4482579185520343,9.0,10.0,,,,,
27,active,2008,2,living,8.934619047619048,7.0,17.0,19.731914817466,17.963347193347197,1.768567624118802,0.0,60.73407202216067
28,control,2008,2,living,4.420484126984128,6.0,16.0,19.11547355958958,19.179421868454128,-0.06394830886454628,0.0,73.67797947908446
29,active,2008,2,living,7.901809523809526,6.0,18.0,20.971042771297277,19.950523206751054,1.0205195645462233,0.0,63.50210970464135
30,control,2008,2,living,5.42611111111111,6.0,15.0,17.672222222222224,17.134054054054054,0.5381681681681698,0.0,52.13365539452496
1,active,2008,2,bedroom,2.3092380952380953,7.0,23.0,16.34952879581152,16.726036850921272,-0.3765080551097526,1.340033500837521,19.518576661433805
2,active,2008,2,bedroom,5.19468079640334,7.0,15.0,17.953354114713218,16.637435797665372,1.3159183170478457,0.9727626459143969,46.82044887780549
3,active,2008,2,bedroom,0.2875438596491229,14.0,13.0,,,,,
4,active,2008,2,bedroom,5.332142857142857,8.0,16.0,16.2995694515633,15.474505016722409,0.8250644348408915,3.7123745819397995,22.075279755849444
5,control,2008,2,bedroom,3.5470476190476194,8.0,21.0,15.92223240115718,16.234317032040472,-0.31208463088329275,0.33726812816188867,14.609450337512053
6,active,2008,2,bedroom,2.7044444444444444,10.0,13.0,,,,,
7,control,2008,2,bedroom,1.6728168498168525,9.0,16.0,16.077099811676085,16.224528596187174,-0.14742878451108865,0.0,4.849340866290019
8,active,2008,2,bedroom,2.982916666666668,2.0,21.0,16.09263888888889,15.865037593984963,0.22760129490392522,0.0,0.0
9,active,2008,2,bedroom,6.644809523809524,7.0,14.0,18.72450989632422,16.043188153310105,2.6813217430141165,0.0,61.82846371347785
10,active,2008,2,bedroom,1.629412955465586,17.0,15.0,,,,,
11,active,2008,2,bedroom,6.2620873015873,6.0,16.0,18.69822233104799,17.374319352465047,1.323902978582943,1.3245033112582782,57.83545543584721
12,control,2008,2,bedroom,4.662666666666665,6.0,16.0,18.58167320261438,17.420254820936638,1.1614183816777413,0.0,60.16949152542372
13,active,2008,2,bedroom,6.529142857142855,7.0,16.0,17.196066371681415,16.125081967213113,1.0709844044683017,3.825136612021858,41.3716814159292
14,active,2008,2,bedroom,3.6742380952380973,6.0,15.0,16.91268292682927,15.663471766848815,1.2492111599804545,0.0,20.14453477868112
15,active,2008,2,bedroom,6.622904761904762,7.0,16.0,18.125586797066017,16.819846994535517,1.3057398025304998,2.307692307692308,50.24500565397663
16,control,2008,2,bedroom,5.989809523809521,6.0,14.0,18.557154953429297,16.171168241965976,2.385986711463321,0.0,70.7874682472481
17,control,2008,2,bedroom,4.911761904761903,5.0,17.0,21.46297308662742,20.172666666666665,1.290306419960757,0.0,97.14045416316233
18,active,2008,2,bedroom,6.293460317460319,7.0,17.0,19.481363423760524,18.055715231788078,1.4256481919724457,0.0,67.11880261927034
19,active,2008,2,bedroom,6.0457142857142845,6.0,15.0,18.98902010050251,17.405741444866923,1.5832786556355884,0.0,70.2680067001675
20,active,2008,2,bedroom,8.032611277146843,6.0,15.0,21.661242088607597,18.38585393258427,3.275388156023329,0.0,63.956127080181545
21,control,2008,2,bedroom,2.9039841269841276,10.0,20.0,19.290553959786624,20.042688845401173,-0.7521348856145487,0.0,77.39023389413214
22,active,2008,2,bedroom,2.6366904761904753,7.0,16.0,17.197050173010382,16.998458252427184,0.19859192058319763,0.0,35.51038062283737
23,control,2008,2,bedroom,4.195714285714281,7.0,16.0,18.76725786677564,17.755132295719843,1.0121255710557975,0.0,65.99918267266041
24,active,2008,2,bedroom,3.742809523809523,7.0,16.0,20.625402862985684,19.996422700587086,0.628980162398598,0.0,86.95296523517383
25,control,2008,2,bedroom,3.4460487804878035,6.0,16.0,18.2950569476082,17.57922605537903,0.7158308922291674,0.0,62.004555808656036
26,active,2008,2,bedroom,0.9401583710407238,9.0,10.0,,,,,
27,active,2008,2,bedroom,7.580619047619043,7.0,17.0,19.765544022906226,18.448939708939708,1.3166043139665184,0.0,68.07479224376732
28,control,2008,2,bedroom,2.9136719845298558,7.0,18.0,19.180864246250987,19.47639715123586,-0.2955329049848743,0.0,80.14996053670087
29,active,2008,2,bedroom,7.359761904761907,7.0,17.0,21.018762813715096,20.340687763713085,0.6780750500020112,0.0,68.17862165963432
30,control,2008,2,bedroom,4.551666666666669,7.0,18.0,18.474142512077297,18.42241769041769,0.05172482165960801,0.0,60.42673107890499
1,active,2009,1,living,8.422761904761904,7.0,21.0,16.71067661691542,17.959842139175258,-1.2491655222598368,3.4471649484536084,37.2636815920398
2,active,2009,1,living,8.867052767052769,5.0,15.0,18.549555444555445,15.741406149903908,2.808149294651537,1.2491992312620115,55.99400599400599
3,active,2009,1,living,5.873238095238094,5.0,21.0,18.70044776119403,20.173508038585208,-1.473060277391177,0.0,58.656716417910445
4,active,2009,1,living,10.04434523809524,5.0,15.0,17.570063045586807,15.374558495377748,2.1955045502090584,21.246105919003117,55.722599418040744
5,control,2009,1,living,4.851962833914051,7.0,15.0,14.982095839915745,14.871972431900232,0.11012340801551268,8.564890487087283,11.2565445026178
6,active,2009,1,living,0.0,17.0,17.0,,,,,
7,control,2009,1,living,4.268198198198197,7.0,15.0,15.087437125748503,14.4699375354912,0.617499590257303,2.4985803520726857,10.419161676646707
8,active,2009,1,living,3.7883809523809546,10.0,21.0,15.64236883116883,17.23012238325282,-1.5877535520839903,0.0,4.103896103896104
9,active,2009,1,living,8.453333333333333,5.0,13.0,19.63081560283688,15.329886363636362,4.300929239200517,17.15909090909091,85.1063829787234
10,active,2009,1,living,5.629999999999999,6.0,21.0,,,,,
11,active,2009,1,living,5.410546099290782,6.0,18.0,18.630398148148146,17.222442541685446,1.4079556064627,6.985128436232538,59.53703703703703
12,control,2009,1,living,6.89561904761905,6.0,18.0,18.73440932642487,19.755351333767077,-1.0209420073422066,0.0,70.56994818652849
13,active,2009,1,living,6.470000000000001,7.0,16.0,16.324944237918213,14.46603139013453,1.8589128477836834,0.0,29.219330855018587
14,active,2009,1,living,5.507073422668901,7.0,15.0,16.74758404558405,15.25343476798924,1.4941492775948078,0.0,32.87749287749288
15,active,2009,1,living,5.818095238095237,7.0,20.0,16.974352799518364,17.473964110929852,-0.4996113114114884,0.0,33.52634626519977
16,control,2009,1,living,6.2075714285714305,6.0,19.0,17.190653339834228,15.963090000000001,1.2275633398342265,6.800000000000001,38.71282301316431
17,control,2009,1,living,3.5679523809523808,7.0,18.0,17.11840306122449,16.692100293064147,0.42630276816034396,0.0,28.418367346938776
18,active,2009,1,living,4.524047619047618,7.0,16.0,19.58719907407408,19.488728932584266,0.09847014148981259,0.0,70.46296296296296
19,active,2009,1,living,7.187357142857143,8.0,20.0,15.125004830917874,15.027501694915255,0.09750313600261862,10.983050847457628,5.458937198067633
20,active,2009,1,living,5.976666666666667,7.0,16.0,15.776915615906887,14.792367972742761,0.9845476431641256,9.812606473594549,16.246362754607176
21,control,2009,1,living,5.875619047619047,5.0,21.0,18.70149253731343,20.17359961501444,-1.4721070777010077,0.0,58.656716417910445
22,active,2009,1,living,6.0994761904761905,6.0,19.0,17.085815738963532,17.29179794520548,-0.20598220624194852,0.0,29.126679462571975
23,control,2009,1,living,4.867592020592024,6.0,19.0,19.56106293706294,19.318574317492416,0.2424886195705227,0.0,74.07925407925407
24,active,2009,1,living,3.2744761904761894,6.0,20.0,19.16379051197745,19.185332179930796,-0.021541667953346888,0.0,82.57397839361202
25,control,2009,1,living,6.521476190476193,5.0,13.0,17.050280871670704,15.349151515151517,1.7011293565191874,7.878787878787878,41.404358353510894
26,active,2009,1,living,6.173666666666666,6.0,15.0,20.4262739848282,18.57091005291005,1.8553639319181485,0.0,79.11646586345381
27,active,2009,1,living,7.008761904761906,6.0,15.0,19.242097714029583,16.65697090909091,2.5851268049386746,4.581818181818182,72.88211564320932
28,control,2009,1,living,4.764142857142858,7.0,20.0,18.58281427221172,18.73660900900901,-0.1537947367972876,0.0,71.12476370510396
29,active,2009,1,living,8.22004761904762,6.0,15.0,20.603650239860443,18.6669347826087,1.9367154572517435,0.0,60.4884430876581
30,control,2009,1,living,5.088571428571427,7.0,15.0,16.31271334792123,15.428236363636364,0.8844769842848645,6.472727272727273,25.12035010940919
1,active,2009,1,bedroom,4.024190476190476,9.0,22.0,15.354573703133022,16.422054150453956,-1.0674804473209338,0.03221649484536082,5.771144278606965
2,active,2009,1,bedroom,9.159845559845559,7.0,15.0,18.5264167916042,15.788126201153107,2.7382905904510917,0.06406149903907751,50.14985014985015
3,active,2009,1,bedroom,4.597857142857144,7.0,21.0,18.009691542288554,19.081797427652734,-1.0721058853641807,0.8681672025723474,44.02985074626866
4,active,2009,1,bedroom,8.54874404761905,8.0,15.0,16.238060135790494,15.117134204654127,1.1209259311363677,10.2803738317757,39.28225024248302
5,control,2009,1,bedroom,4.525333333333332,7.0,15.0,13.690350785340314,13.235191238966982,0.45515954637333245,19.875776397515526,1.9895287958115182
6,active,2009,1,bedroom,0.0,17.0,17.0,,,,,
7,control,2009,1,bedroom,2.565111111111113,8.0,15.0,14.60234730538922,14.591635434412265,0.01071187097695514,0.0,0.0
8,active,2009,1,bedroom,7.907571428571426,10.0,20.0,16.46046233766234,20.526876006441224,-4.066413668778885,0.0,11.012987012987013
9,active,2009,1,bedroom,10.433583333333331,6.0,14.0,19.926702127659574,14.072653409090911,5.854048718568663,23.636363636363637,81.91489361702128
10,active,2009,1,bedroom,6.920000000000002,6.0,19.0,,,,,
11,active,2009,1,bedroom,4.2871333333333315,6.0,21.0,16.649907321594068,15.953501577287065,0.6964057443070022,9.869310500225327,29.814814814814817
12,control,2009,1,bedroom,3.243857142857143,7.0,20.0,17.29478238341969,17.67648666232921,-0.3817042789095204,0.0,35.5440414507772
13,active,2009,1,bedroom,5.283481481481484,7.0,16.0,16.698728624535317,16.176161434977576,0.5225671895577406,0.0,32.56505576208178
14,active,2009,1,bedroom,3.2741728084868775,7.0,15.0,15.539413105413104,14.58258910558171,0.9568239998313945,0.0,0.0
15,active,2009,1,bedroom,4.552563492063495,7.0,15.0,16.72723059096176,15.979697068403908,0.7475335225578519,0.0,28.836132020845394
16,control,2009,1,bedroom,3.628095238095238,6.0,13.0,17.29055095075573,15.423036666666667,1.8675142840890633,3.6333333333333337,29.936616284739152
17,control,2009,1,bedroom,5.649190476190476,6.0,16.0,21.361280612244897,19.919576685118855,1.4417039271260421,0.0,99.08163265306122
18,active,2009,1,bedroom,3.6450476190476166,8.0,16.0,18.405458333333335,18.239083567415733,0.16637476591760247,0.0,53.00925925925925
19,active,2009,1,bedroom,5.290809523809523,8.0,15.0,15.15804347826087,14.923315254237288,0.2347282240235824,5.491525423728814,10.531400966183575
20,active,2009,1,bedroom,7.353904761904763,6.0,16.0,16.699000969932104,14.567730834752982,2.131270135179122,13.730834752981261,36.85741998060136
21,control,2009,1,bedroom,4.597619047619045,7.0,21.0,18.00909452736318,19.08320500481232,-1.074110477449139,0.8662175168431183,44.02985074626866
22,active,2009,1,bedroom,2.486666666666668,7.0,14.0,16.38753838771593,16.048547945205478,0.33899044251045396,0.0,13.531669865642995
23,control,2009,1,bedroom,4.536904761904763,7.0,15.0,18.254815850815852,16.8308190091001,1.423996841715752,0.0,53.47319347319347
24,active,2009,1,bedroom,3.056999999999995,6.0,15.0,19.913161108501644,19.20929757785467,0.7038635306469736,0.0,92.62564584311883
25,control,2009,1,bedroom,4.1747619047619065,7.0,14.0,16.436140435835352,15.326474747474746,1.1096656883606055,0.0,16.99757869249395
26,active,2009,1,bedroom,4.957095238095238,6.0,15.0,19.282353859883983,17.7629417989418,1.5194120609421837,0.0,65.28335564480143
27,active,2009,1,bedroom,5.1532380952380965,7.0,15.0,18.90644554011654,17.027385454545453,1.879060085571087,1.090909090909091,69.83415508740475
28,control,2009,1,bedroom,2.795166666666667,7.0,14.0,18.852896975425327,18.126320720720717,0.7265762547046108,0.0,75.89792060491493
29,active,2009,1,bedroom,7.470285714285712,7.0,16.0,20.36962930658526,18.78206884057971,1.5875604660055487,0.0,64.50065416484955
30,control,2009,1,bedroom,3.75104761904762,8.0,15.0,16.61380306345733,16.38926181818182,0.22454124527551045,0.0,32.16630196936542
1,active,2009,2,living,6.180365079365082,10.0,20.0,15.498942731277532,18.178142008132625,-2.6791992768550923,0.4066312167657179,0.4405286343612335
2,active,2009,2,living,4.374729468599032,5.0,19.0,17.11731067961165,17.23470081453634,-0.11739013492469041,0.0,21.941747572815533
3,active,2009,2,living,4.092984126984128,7.0,21.0,19.594539473684208,20.929362761367408,-1.3348232876832,0.0,94.67105263157895
4,active,2009,2,living,4.713304303539596,5.0,21.0,17.772769230769228,17.531110752340975,0.24165847842825272,0.0,42.69230769230769
5,control,2009,2,living,3.144166666666667,7.0,20.0,15.83214983713355,15.689446612273857,0.14270322485969267,4.15040794608017,6.058631921824104
6,active,2009,2,living,8.418888888888887,7.0,14.0,14.894430303030301,12.009288468279005,2.8851418347512965,54.50403084472485,23.696969696969695
7,control,2009,2,living,3.474565732513099,8.0,18.0,12.956534422403735,12.963252269779506,-0.006717847375771413,23.313878080415044,0.0
8,active,2009,2,living,3.830380952380951,10.0,22.0,13.33788902291918,15.398340968586387,-2.0604519456672072,2.2905759162303663,0.24125452352231602
9,active,2009,2,living,4.756849206349207,5.0,13.0,14.551231409875076,12.973525016244313,1.5777063936307627,46.198830409356724,19.33372992266508
10,active,2009,2,living,4.4183333333333366,4.0,15.0,21.357806691449813,20.222526587173704,1.1352801042761094,0.0,57.2809667673716
11,active,2009,2,living,7.638476190476188,6.0,16.0,18.85593555093555,16.914629139072844,1.9413064118627048,7.3509933774834435,70.47817047817048
12,control,2009,2,living,9.503476190476192,6.0,19.0,17.997026419336706,18.402442288390763,-0.4054158690540568,4.048176647708264,43.39516582349635
13,active,2009,2,living,9.348071428571426,7.0,16.0,13.919518140589568,12.147230464886253,1.772287675703316,43.554236729310915,17.857142857142858
14,active,2009,2,living,6.302579365079367,7.0,15.0,16.861057127602777,15.1174801244383,1.7435770031644768,1.6937435188385759,36.83929524826481
15,active,2009,2,living,8.790476190476191,7.0,19.0,15.924688279301746,16.181,-0.25631172069825503,18.76666666666667,32.81795511221945
16,control,2009,2,living,7.973476190476191,7.0,20.0,16.80907139023081,16.090623063683307,0.7184483265475023,11.256454388984508,28.287707997852923
17,control,2009,2,living,4.678626984126986,7.0,14.0,15.856321709786277,15.084025452109847,0.7722962576764303,16.84527796383121,20.41619797525309
18,active,2009,2,living,4.649047619047618,7.0,21.0,19.363345568956476,19.594387575008824,-0.23104200605234837,0.0,70.37231253277399
19,active,2009,2,living,5.721142857142858,7.0,15.0,15.874529411764707,15.054799585348999,0.819729826415708,11.0573600552868,20.909090909090907
20,active,2009,2,living,4.087142857142858,7.0,18.0,15.974893162393162,15.35771995891818,0.617173203474982,3.046901745977405,4.647435897435898
21,control,2009,2,living,4.101888888888887,7.0,19.0,19.594539473684208,20.92960491367862,-1.3350654399944126,0.0,94.67105263157895
22,active,2009,2,living,5.188710513908534,6.0,19.0,17.003915537017726,16.49986534372785,0.5040501932898742,0.0,29.35349322210636
23,control,2009,2,living,4.755793650793651,5.0,16.0,18.522178800856526,17.48905961674947,1.0331191841070577,0.0,58.779443254817984
24,active,2009,2,living,3.6200476190476216,6.0,19.0,19.379122899159665,19.236427818756585,0.14269508040307954,0.0,91.43907563025209
25,control,2009,2,living,6.8545,5.0,13.0,16.544917946003174,14.844812133746984,1.70010581225619,18.510858324715613,36.20963472736898
26,active,2009,2,living,10.703325396825397,6.0,16.0,19.42693760984183,16.057834704562453,3.3691029052793766,7.965594614809275,63.927943760984185
27,active,2009,2,living,11.624365079365077,6.0,15.0,16.605527027027026,13.351820895522387,3.2537061315046394,37.798507462686565,44.77477477477477
28,control,2009,2,living,6.840833333333332,6.0,21.0,15.80098708010336,15.97477559912854,-0.17378851902518022,8.671023965141613,19.379844961240313
29,active,2009,2,living,12.358714285714283,7.0,16.0,19.507450317124732,17.15634791813691,2.3511023989878232,6.492659053833605,42.645850451930976
30,control,2009,2,living,7.148888888888887,6.0,16.0,15.072531992687384,14.149256505576208,0.9232754871111766,27.026022304832715,14.625228519195613
1,active,2009,2,bedroom,2.351968253968254,10.0,23.0,15.470811831340464,16.620314357209885,-1.149502525869421,0.0,1.6362492133417241
2,active,2009,2,bedroom,2.0345555555555546,9.0,15.0,16.60915857605178,16.66731359649123,-0.05815502043945031,0.0,12.62135922330097
3,active,2009,2,bedroom,2.6831111111111134,10.0,22.0,19.90227631578947,21.36068038499834,-1.4584040692088678,0.0,100.0
4,active,2009,2,bedroom,3.351690476190477,8.0,15.0,17.35397435897436,16.87003228931224,0.4839420696621204,0.03228931223764934,34.23076923076923
5,control,2009,2,bedroom,2.4890000000000025,8.0,14.0,15.693999999999999,15.640893934019156,0.05310606598084355,4.363249379212487,9.446254071661238
6,active,2009,2,bedroom,5.7993888888888865,7.0,15.0,14.117951515151514,12.564539081668421,1.5534124334830928,40.86926042762005,17.939393939393938
7,control,2009,2,bedroom,1.4942150831624517,9.0,20.0,12.820472578763127,12.689623865110248,0.1308487136528793,28.566796368352787,0.0
8,active,2009,2,bedroom,10.446603174603174,11.0,22.0,14.17059107358263,20.198635471204188,-6.028044397621558,0.16361256544502617,4.764776839565742
9,active,2009,2,bedroom,5.931095238095237,8.0,15.0,14.217876264128495,12.933274853801171,1.2846014103273244,39.11630929174789,22.248661511005356
10,active,2009,2,bedroom,4.845141870219589,4.0,18.0,18.793299093655587,17.807238156622624,0.9860609370329634,2.320335159523042,63.323262839879156
11,active,2009,2,bedroom,7.224857142857143,6.0,15.0,17.225914760914762,15.333069536423839,1.892845224490923,15.0,46.1018711018711
12,control,2009,2,bedroom,5.614642857142858,8.0,19.0,15.729398538504777,16.463437604550016,-0.7340390660452396,4.7842087654734025,27.880831928049467
13,active,2009,2,bedroom,7.134565864833904,9.0,15.0,13.530583900226757,12.592814045499507,0.9377698547272502,38.3119024068579,7.653061224489796
14,active,2009,2,bedroom,3.977031746031745,7.0,15.0,15.454030966364122,14.480795022468026,0.9732359438960962,3.214656066367093,0.0
15,active,2009,2,bedroom,7.948285714285717,8.0,15.0,15.85891271820449,14.594643333333334,1.264269384871156,19.833333333333332,34.3142144638404
16,control,2009,2,bedroom,4.762833333333335,7.0,13.0,16.90616210413312,15.090352839931153,1.8158092642019668,4.888123924268503,23.778851315083198
17,control,2009,2,bedroom,5.60585714285714,5.0,21.0,19.8442575928009,19.400482250502343,0.443775342298558,0.0,87.73903262092239
18,active,2009,2,bedroom,3.646444444444441,7.0,16.0,18.238796791443846,17.98001426533523,0.2587825261086145,0.0,44.677503932878864
19,active,2009,2,bedroom,5.215523391812868,9.0,15.0,15.947780748663101,15.239543883897719,0.7082368647653823,7.601935038009675,23.422459893048128
20,active,2009,2,bedroom,5.177896825396827,6.0,14.0,17.205929487179485,15.663224922971587,1.5427045642078987,3.8685381718589524,47.22222222222222
21,control,2009,2,bedroom,2.6831111111111134,10.0,22.0,19.90227631578947,21.360966135458167,-1.4586898196686953,0.0,100.0
22,active,2009,2,bedroom,3.254380952380954,7.0,16.0,16.10518769551616,15.916151665485472,0.1890360300306888,0.0,10.166840458811262
23,control,2009,2,bedroom,5.827888888888889,7.0,15.0,17.771413276231264,15.815638750887155,1.9557745253441094,1.27750177430802,38.16916488222698
24,active,2009,2,bedroom,4.717777777777776,6.0,14.0,20.71159663865546,19.38004214963119,1.3315544890242705,0.0,89.12815126050421
25,control,2009,2,bedroom,4.86797619047619,7.0,14.0,15.984584436209635,14.625925542916237,1.3586588932933985,7.96277145811789,22.022233986236103
26,active,2009,2,bedroom,9.17928426395939,7.0,15.0,17.437662565905093,15.49995325355273,1.9377093123523625,9.498878085265519,45.254833040421794
27,active,2009,2,bedroom,8.393603174603173,7.0,14.0,15.742213963963966,14.015507462686566,1.7267065012774,22.723880597014926,35.0
28,control,2009,2,bedroom,4.5372777777777795,6.0,14.0,16.796397932816536,15.316126361655774,1.4802715711607615,0.9150326797385622,25.529715762273902
29,active,2009,2,bedroom,12.014285714285712,7.0,16.0,19.383560253699788,17.547822865208186,1.8357373884916015,1.33768352365416,40.59161873459326
30,control,2009,2,bedroom,5.85857142857143,7.0,15.0,15.317106946983547,15.104520446096652,0.21258650088689457,2.676579925650558,17.36745886654479
